Date,Close,High,Low,Open,Volume
2021-05-10,17.563533782958984,17.956175337545584,17.352848649906562,17.822103146202828,6828431
2021-05-11,17.99448013305664,18.032785685102624,17.333692464247218,17.46776463630268,6637767
2021-05-12,18.032785415649414,18.214741808288924,17.793369782501337,17.860405867527387,4108311
2021-05-13,17.96575355529785,18.195592397975407,17.802950813409993,17.908294301277653,3741700
2021-05-14,18.243473052978516,18.320085993179188,17.88913888952413,18.051941615775128,4068107
2021-05-17,18.10940170288086,18.29135812925715,18.090248010294584,18.243473897791464,3813522
2021-05-18,18.138132095336914,18.339240386079336,18.118978402905263,18.118978402905263,2567550
2021-05-19,17.889137268066406,18.166858466147687,17.86998357810317,18.10939922285439,3762802
2021-05-20,18.080669403076172,18.186012875444337,17.63056863071521,17.89871482101759,5170600
2021-05-21,18.42542839050293,18.57865426191945,18.071094247825904,18.18601273809006,8360776
2021-05-24,18.77976417541504,18.913836354939185,18.22431994033385,18.415851364425993,9212744
2021-05-25,18.875530242919922,19.02875794972818,18.70315249762921,18.760611746059446,7762479
2021-05-26,18.597808837890625,19.03833278253624,18.549926435767077,18.856378193189517,11189946
2021-05-27,18.98087501525879,19.33521102904107,18.65526954094968,18.65526954094968,11923348
2021-05-28,19.057485580444336,19.210711451970997,18.84680046374429,18.980872644681003,7449170
2021-05-31,19.162830352783203,19.32563308065519,19.028758162746247,19.057486873984683,6416553
2021-06-01,19.74700355529785,19.95768866907866,19.114944560762538,19.124521405924817,14651999
2021-06-02,19.411823272705078,19.69912135066517,19.249020541435257,19.660815792682254,7854666
2021-06-03,19.545894622802734,19.976843547758783,19.296902113561078,19.33520949648897,10268686
2021-06-04,19.80446434020996,20.187529043516456,19.45970519393582,19.45970519393582,8892494
2021-06-07,20.14922523498535,20.302451129604524,19.919384566459847,19.919384566459847,10799666
2021-06-08,20.082185745239258,20.254565319922303,19.766157133852545,20.110916283218632,8658302
2021-06-09,20.24498748779297,20.36948465304272,19.967266273906596,20.024725520469893,8741687
2021-06-10,20.618478775024414,20.77170466228228,20.072609496747024,20.25456592283949,12116556
2021-06-11,20.44609832763672,21.135614791039398,20.35990854138681,20.675937148770945,14943447
2021-06-15,20.053455352783203,20.70466621295213,19.900229482931273,20.465250562983936,11793029
2021-06-16,20.091760635375977,20.570591928840205,20.043878236668125,20.417366061059365,9141057
2021-06-17,20.417367935180664,20.58974750890603,19.99599584680717,20.091762479609773,9903334
2021-06-18,21.106887817382812,21.279265577474906,20.446100010607903,20.446100010607903,17458168
2021-06-21,20.8387393951416,21.212227242552608,20.723819073924695,20.97281158106421,11153481
2021-06-22,20.74297332763672,21.240958355417753,20.580170600346634,21.231381509506974,9902292
2021-06-23,21.183496475219727,21.212225182786913,20.34075240571929,20.589744888680947,12681736
2021-06-24,20.685514450073242,21.336725370922807,20.474827489447428,21.240958736692583,11118061
2021-06-25,20.46525001525879,20.733394367024914,20.19710383689626,20.637627744281414,8548542
2021-06-28,20.350330352783203,20.59932284923236,20.158797101177246,20.44609697858618,7333144
2021-06-29,19.928958892822266,20.417367055126647,19.91938204729514,20.302448561994154,7177276
2021-06-30,20.44609832763672,20.493980730399297,19.87150036150286,19.90980774499019,7262164
2021-07-01,20.5418643951416,20.924929086503003,20.197105259618073,20.474826475881393,9007553
2021-07-02,20.493982315063477,20.666361900892266,20.110917583553235,20.359910115684073,5922762
2021-07-05,20.47482681274414,20.532287887341127,20.06303340437842,20.398213873211382,7488511
2021-07-06,20.953659057617188,21.030272000499647,20.19710647497749,20.465252688364412,12497204
2021-07-07,20.867469787597656,21.145191003170908,20.59932359101268,20.781280003930934,9319246
2021-07-08,21.882591247558594,21.978357874944585,20.541863943944193,20.771702753712677,19662782
2021-07-09,21.61444664001465,21.7964030627214,21.28884117900115,21.7485188322214,14429206
2021-07-12,22.696603775024414,22.907288884106457,21.700633819517158,21.71021066446585,23085848
2021-07-13,23.1083984375,24.046909202272747,22.983903099413972,23.750032472089167,31122527
2021-07-14,22.763641357421875,23.481888336356626,22.696605264976743,23.00305701706679,18283206
2021-07-15,23.577653884887695,23.682995528217646,22.840253248595833,22.96474858220266,18681303
2021-07-16,23.635116577148438,23.960722052970812,23.098825957333762,23.577657324531756,18256215
2021-07-19,26.00054168701172,26.00054168701172,22.993481422744757,23.366969287604338,35823710
2021-07-20,25.234411239624023,26.14418966285355,25.100337226289692,26.14418966285355,30932302
2021-07-21,26.335721969604492,26.508101532933704,24.85134564377447,25.454672288830228,28823280
2021-07-22,25.71324348449707,28.10740019950431,25.579169466370967,25.866469368129803,46964983
2021-07-23,25.454673767089844,26.2112281552829,25.042878525576825,25.885622700439885,24713487
2021-07-26,23.65427017211914,25.665360444732833,23.19459067330198,25.31102625736999,38843423
2021-07-27,24.12352180480957,25.04287703926311,23.568077560678102,23.893682996196183,27458486
2021-07-28,24.228864669799805,24.822616325212646,23.271202005750855,24.11394617300801,19053384
2021-07-29,25.464250564575195,25.7994328646992,24.42997495309888,24.65981377491622,23571411
2021-07-30,26.62302017211914,26.718786799678576,25.11949014720445,25.186526238517104,26342666
2021-08-02,29.285324096679688,29.285324096679688,27.791370857152238,27.791370857152238,39026755
2021-08-03,29.725849151611328,30.587745160240495,29.007602173320937,29.974839830013725,54845935
2021-08-04,29.44812774658203,30.22383401480104,29.132099131633794,29.706697111520572,25096953
2021-08-05,29.677967071533203,30.444098333111715,29.266171815256712,29.448128241038646,27241090
2021-08-06,29.400243759155273,30.300445325009218,28.34681449053407,29.419395623729223,32478959
2021-08-09,30.26213836669922,31.219799135083154,29.14167305750832,30.041876408236877,37402860
2021-08-10,29.496007919311523,30.070605855733746,28.92141180948579,30.070605855733746,23772387
2021-08-11,29.055484771728516,29.974840033412303,28.921412586048763,29.496008711302864,15142883
2021-08-12,28.758609771728516,29.45770306139504,28.308507161359675,28.844799555560993,17094784
2021-08-13,27.432619094848633,28.825870221991337,26.96179676781338,28.777827838034472,29260148
2021-08-16,28.72017478942871,29.738690190552997,27.384576721744313,27.432619105720214,27554714
2021-08-17,27.65361785888672,28.989215879329432,27.480662350371954,28.941173497052844,17117291
2021-08-18,26.702363967895508,28.086004348496168,26.442930709270616,27.893832989762434,20646831
2021-08-19,26.990623474121094,27.461445804231957,26.663930129521805,27.00023231751513,12751535
2021-08-20,27.336532592773438,27.52870394910949,26.51979928842198,26.884926148350033,13874680
2021-08-23,26.18349838256836,27.749703167504876,26.145063009833994,27.749703167504876,21093243
2021-08-24,26.462148666381836,26.76001546672901,24.982419842187337,26.183497719215573,19935318
2021-08-25,25.962499618530273,27.471053126576365,25.85680417974763,27.317315306183094,23967044
2021-08-26,25.55893898010254,26.49097480360725,25.47246122163618,26.241150371671047,19334470
2021-08-27,25.731895446777344,25.981719887934354,25.395593243962153,25.808764364617996,13211907
2021-08-30,26.010541915893555,26.71197094825337,25.635806208986136,26.51979958973391,13709642
2021-08-31,24.713376998901367,25.866412459446416,24.46355258802663,25.866412459446416,21048450
2021-09-01,24.694162368774414,25.25146244133036,24.55003155454661,24.607684613317506,16189697
2021-09-02,24.809465408325195,25.049680994126486,24.569249822523908,24.607685195947862,9210324
2021-09-03,24.77103042602539,25.078506064725268,24.36746819205696,24.655726145163253,13635418
2021-09-06,24.828683853149414,25.049681758986615,24.22333953213504,24.77103262395265,10471777
2021-09-07,25.12654685974121,25.145764544121562,24.559637999415678,24.9824178922871,10537968
2021-09-08,26.481365203857422,26.788840855090108,25.059289400556537,25.21302722617288,24274309
2021-09-09,26.135454177856445,26.500581029888423,25.66463005817147,26.260365465138637,15674533
2021-09-10,25.318723678588867,26.068195150192416,25.193810544855264,26.0393704521766,13450849
2021-09-13,25.088115692138672,25.299504742181067,24.65572691625715,25.174593447314976,9602633
2021-09-14,24.08881950378418,25.174595016359515,24.031168274306587,25.078508412097165,12038802
2021-09-15,24.00234031677246,24.357860181604945,23.627604598389123,24.02155800302274,9889138
2021-09-16,23.252870559692383,24.156079886306372,23.060697348706668,24.002342050597626,14267882
2021-09-17,23.33934783935547,23.8005613369566,22.705176989279504,23.262477090389087,8885312
2021-09-22,23.252870559692383,23.560346231109875,23.060697348706668,23.185608652957686,6670876
2021-09-23,23.935077667236328,24.338639871488414,23.300908750940085,23.358559970776316,13963568
2021-09-24,24.117643356323242,24.79024584606015,23.82938357555085,23.915861326512637,14470718
2021-09-27,23.7717342376709,24.52120752787618,23.512300964211438,24.50198984109411,9111530
2021-09-28,24.21373176574707,24.3578607505921,23.176000509083593,23.781342978512505,8363295
2021-09-29,23.137563705444336,24.06959946034822,23.089521324365542,24.002339393758163,8819828
2021-09-30,23.7717342376709,23.94468975331054,23.16639176563164,23.204825306496293,7025317
2021-10-08,23.608386993408203,24.367469108612507,23.531518080841895,23.992731556239747,8264347
2021-10-11,24.41551399230957,24.559642989045475,23.617998255491297,23.63721594377599,12189268
2021-10-12,24.4443359375,24.646116128524167,24.079207259409674,24.396291725804282,12015742
2021-10-13,23.348953247070312,24.501988744601928,23.32973739384766,24.492379901640902,15251625
2021-10-14,22.753219604492188,23.348953205417914,22.72439307566053,23.32973735222954,12884749
2021-10-15,22.887741088867188,22.99343653477817,22.205529693949583,22.714785571085397,11634666
2021-10-18,22.945390701293945,23.185606274029304,22.551437308623903,22.734001657058602,9734528
2021-10-19,22.849308013916016,23.233652598665326,22.657134805191586,22.762830253259978,8302096
2021-10-20,21.994136810302734,23.03186799031533,21.97492095772237,22.92617438667564,15295660
2021-10-21,21.90766143798828,22.243963636101604,21.85001020858871,21.984530354754224,8126160
2021-10-22,21.47527313232422,21.994137830037452,21.408013063426154,21.898053064582747,10824317
2021-10-25,21.792356491088867,21.86922539907845,21.30231651539303,21.408011951140956,8254895
2021-10-26,21.97492027282715,22.368873645285984,21.917267218784918,21.99413612480861,8279390
2021-10-27,21.571359634399414,21.81157521236511,21.446446507545577,21.782748683237436,6272186
2021-10-28,21.03327751159668,22.25357320884691,20.869930829030118,21.9845310750021,13630998
2021-10-29,21.052494049072266,21.40801392677016,20.898756218905472,21.12936296415566,14846025
2021-11-01,21.73470687866211,22.051791376700308,20.908364682023393,21.042884822797337,17421496
2021-11-02,21.753921508789062,22.147874898350395,21.494490085133588,21.744312666031547,13214334
2021-11-03,21.898054122924805,22.551438990012535,21.677054386679462,21.75392330237799,15759058
2021-11-04,22.589872360229492,23.11834587968774,21.88844333761783,21.88844333761783,20169490
2021-11-05,22.839696884155273,23.11834599294585,22.503394718898214,22.69556790838778,15625754
2021-11-08,22.762828826904297,23.079913318540896,22.36887542313457,22.916566651170562,13073909
2021-11-09,23.079914093017578,23.137565320877133,22.561047544183122,22.743611903887782,10928327
2021-11-10,23.358562469482422,23.406606685068017,22.868522466705937,23.137564575886977,13267202
2021-11-11,23.396997451782227,23.95429751438557,23.156781875958384,23.396997451782227,18944761
2021-11-12,23.656429290771484,23.762122891541743,23.233649389592575,23.320127138304155,12149275
2021-11-15,23.627605438232422,23.973516472235175,23.43543223429767,23.819778642167176,9275058
2021-11-16,24.00234031677246,24.434729093906643,23.521909156712006,23.521909156712006,17143343
2021-11-17,23.99273109436035,24.117644220313075,23.483475245674434,23.838993272187313,11775393
2021-11-18,23.76212501525879,24.290600397139226,23.72369147500718,23.98312291162906,13147309
2021-11-19,24.108034133911133,24.33864085527661,23.694863070869083,23.78134082046855,14023427
2021-11-22,24.21373176574707,24.3578607505921,23.800560665211705,24.175296392348674,13995462
2021-11-23,24.405902862548828,24.751813888480054,24.10803605282997,24.117644896072445,13710300
2021-11-24,24.876724243164062,25.405199605290274,24.290599489165075,24.50198853439593,18483427
2021-11-25,23.99273109436035,24.905551017124758,23.954297555166793,24.886333331178275,19864316
2021-11-26,24.156078338623047,24.819073858076028,23.68525601784322,24.329033850888994,17432766
2021-11-29,23.829383850097656,24.136861319670633,23.5507347414432,23.781341469098415,12016486
2021-11-30,24.21373176574707,24.646118720282157,23.85821189260982,23.906254276658338,15470044
2021-12-01,24.49237823486328,24.674942573299955,24.127251390689207,24.223336148361827,11653559
2021-12-02,23.81016731262207,24.64611644724588,23.66603650837031,24.492378633230025,13149300
2021-12-03,24.26177406311035,24.771031762622695,23.867820650681747,23.906254191243345,14762085
2021-12-06,22.47456932067871,24.377078127644968,22.445744623695532,24.338642754734792,25625430
2021-12-07,22.4649600982666,22.762828735194397,22.032573156522076,22.685959823370965,12881884
2021-12-08,22.695568084716797,22.89734828581911,22.320830545570622,22.47456836527697,11118876
2021-12-09,22.705177307128906,22.91656820434666,22.503397086366014,22.676352608562524,11697577
2021-12-10,22.753219604492188,22.878130897363906,22.359266207289867,22.6763506936405,11541669
2021-12-13,22.858915328979492,22.983826623407506,22.657133290042644,22.820479956725073,8712476
2021-12-14,23.022258758544922,23.09912949836444,22.734000815018963,22.858913934526374,8948533
2021-12-15,22.858915328979492,23.46425778039119,22.782044584470658,23.108737917835516,10313932
2021-12-16,22.801259994506836,23.099128601646157,22.714782248266292,22.97421548698793,7973460
2021-12-17,22.301612854003906,22.762828145699714,22.186310405604484,22.70517508880063,9193440
2021-12-20,21.73470687866211,22.416918258529353,21.63862027838095,22.263180431159284,8762295
2021-12-21,21.994136810302734,22.032572180862143,21.696270019264684,21.715487704544387,8252307
2021-12-22,22.16709327697754,22.32083110050608,21.95570422780065,22.080615522155306,6788244
2021-12-23,22.061399459838867,22.3208327434008,22.022965917477592,22.243963825978696,5133808
2021-12-24,21.686662673950195,22.147876156310893,21.55214253310319,22.03257370207045,6584976
2021-12-27,21.936485290527344,21.97492066056701,21.311925188977284,21.609791975987438,5858715
2021-12-28,22.388090133666992,22.532220940170323,21.87883430404625,21.87883430404625,9039672
2021-12-29,22.40730857849121,22.503395175184277,22.20552837486523,22.368875039433625,7072957
2021-12-30,22.6667423248291,22.820480149748292,22.34965783184584,22.378484361280474,7732903
2021-12-31,22.647523880004883,22.820479385421027,22.49378606023484,22.810870542597975,6442081
2022-01-04,23.11834716796875,23.25286914052846,22.56104708936267,22.76282913185251,12771626
2022-01-05,23.137563705444336,23.733299127397938,23.012652415019854,23.541125937684036,16980870
2022-01-06,23.10873794555664,23.21443338668366,22.772437601424173,22.87813120985177,10984119
2022-01-07,22.954999923706055,23.685255496820822,22.897348698452088,23.339346312597602,14537302
2022-01-10,23.935077667236328,24.21372858972671,22.484175500346666,22.84930416894101,24247630
2022-01-11,23.406606674194336,23.925471373381704,23.348953615518404,23.8101689214287,16695412
2022-01-12,23.32012939453125,23.579562665766204,23.108738507140043,23.493084908687887,11547675
2022-01-13,23.396997451782227,23.992731053513694,23.358562079954698,23.906253299601158,15207293
2022-01-14,23.099130630493164,23.63721300670699,23.070304101648006,23.127955326638922,11331812
2022-01-17,24.636507034301758,24.771028992975133,23.435429244677852,23.61799358185648,30175605
2022-01-18,24.867116928100586,25.760719211018525,24.79985685651743,24.982421217028495,42130509
2022-01-19,25.107330322265625,25.41480778829905,24.61729217707651,24.63650802963539,22844403
2022-01-20,25.040071487426758,25.55893801870785,24.886333663202606,25.107331556437398,21771159
2022-01-21,24.607683181762695,25.261069814893194,24.41550999577161,24.876723442911022,17043181
2022-01-24,24.62689971923828,25.28989521338053,24.463553056411914,24.607683866264114,15985510
2022-01-25,22.8685245513916,24.550033763485093,22.8685245513916,24.5019913762194,23538601
2022-01-26,22.724395751953125,23.23365349175887,22.359268840580814,22.964611355742694,14657791
2022-01-27,20.860319137573242,22.695567771283713,20.65853893925758,22.570654649060288,25094749
2022-01-28,21.062101364135742,21.475272439988807,20.7450168833391,21.033274835809006,15018936
2022-02-07,21.984527587890625,22.368873956047942,21.369576331157806,21.513705302867148,18567225
2022-02-08,22.320831298828125,22.407309054418718,21.821182451571243,21.91726905030517,11092759
2022-02-09,24.550031661987305,24.550031661987305,22.39770027467248,22.455353333695687,29226542
2022-02-10,24.847900390625,25.510894077456925,24.35786038338002,24.59807596540014,43599381
2022-02-11,24.732595443725586,25.61658883523704,24.35785973225531,24.790246668713458,35420281
2022-02-14,24.39629554748535,24.8382932008285,23.87743080878639,24.357862004807444,21888097
2022-02-15,24.309814453125,24.57885654578756,23.915861073007985,24.329032138179322,17062024
2022-02-16,24.58846664428711,25.0496801129536,24.16568671499312,24.876724604028812,21118999
2022-02-17,24.38668441772461,24.77103080467392,24.204121899893025,24.46355332857459,16265931
2022-02-18,25.241853713989258,25.347547323488527,24.55003166716052,24.722987178867704,33142267
2022-02-21,26.346843719482422,26.587059288831206,25.606979326040328,25.93367264697062,46122198
2022-02-22,25.731895446777344,26.09702234834555,25.472462161802806,25.837589063371013,25614725
2022-02-23,25.722286224365234,26.22193509932515,25.63580846397988,25.82797983940325,20576141
2022-02-24,24.674943923950195,25.83758641626264,24.13686155419316,25.51089309073531,33797086
2022-02-25,24.694162368774414,25.270678294887894,24.53081570098908,24.96320264557419,15765940
2022-02-28,24.819072723388672,25.472459369766284,24.598074837907824,25.318721550936182,13379382
2022-03-01,24.905553817749023,25.22263834072443,24.59807813882737,24.73259829018069,16789882
2022-03-02,24.59807586669922,24.91516036038548,24.463553895072103,24.68455362249542,12073174
2022-03-03,24.165687561035156,24.886334318318706,24.031167419472723,24.809465404183104,16329463
2022-03-04,23.214433670043945,24.252164909732354,23.003044617909072,23.944689258372744,22067675
2022-03-07,22.340049743652344,23.19521665275197,22.147876539659407,23.060696509576616,16516811
2022-03-08,22.17670249938965,22.74361142061096,21.99413814356428,22.532222367818054,20417660
2022-03-09,22.493783950805664,22.493783950805664,21.1870107726079,22.253568400854558,19324872
2022-03-10,22.589872360229492,23.041476970808368,22.551436989440134,22.94539037653432,20518324
2022-03-11,22.6667423248291,22.791653620313657,21.657837619709476,22.090224565032415,16086213
2022-03-14,21.638620376586914,22.513004960984834,21.638620376586914,22.349658289575363,15469050
2022-03-15,20.735408782958984,21.98452906531698,20.735408782958984,21.388795453496805,15760369
2022-03-16,21.58096694946289,21.65783769488876,20.42793325856651,21.13897115946081,17578711
2022-03-17,21.590574264526367,21.984527643453912,21.43683644995461,21.850007513878452,17164343
2022-03-18,21.629011154174805,21.715488910034765,21.369577886594918,21.475273328801414,9704346
2022-03-21,21.34075164794922,21.686662676103825,21.100536063441734,21.580967232456704,13158395
2022-03-22,21.46566390991211,21.677052955956135,21.023666299293552,21.350359627624844,9452279
2022-03-23,22.128660202026367,22.167093742365687,21.235057938568804,21.513707062302117,19699952
2022-03-24,21.436838150024414,22.157484900243382,21.292709166520513,22.12866020316228,15030699
2022-03-25,20.19732666015625,21.523315872038022,20.187717816911523,21.14858014899089,25698462
2022-03-28,19.6112003326416,19.889851292640376,19.236464604215165,19.889851292640376,16012391
2022-03-29,19.044292449951172,19.841808167603936,19.025074762128316,19.736114549977383,14250209
2022-03-30,19.342159271240234,19.419028189795654,19.044292440925442,19.39020349077461,9579392
2022-03-31,19.563156127929688,19.630416192649793,19.101940851978817,19.21724512914136,13676642
2022-04-01,19.265287399291992,19.39980936066627,19.188418492520675,19.370982833364792,8859059
2022-04-06,19.515113830566406,19.6784605035018,19.31333361660477,19.39020253135675,9999195
2022-04-07,19.736112594604492,20.130065992443875,19.10194178817831,19.39020157886283,17100351
2022-04-08,19.6784610748291,19.97632973175314,19.322943021041702,19.611201001555784,11279350
2022-04-11,18.592683792114258,19.6111972030468,18.592683792114258,19.6111972030468,12460583
2022-04-12,18.96742057800293,19.02507179979523,17.948907107075527,18.64072726668105,12666777
2022-04-13,18.371688842773438,18.80407579840341,18.362079999399505,18.784858111655552,7004928
2022-04-14,19.447853088378906,20.062804385181582,19.12115975377763,19.83219764888058,21077491
2022-04-15,19.640026092529297,20.03397949227064,19.380592829470537,19.68806847485896,16134677
2022-04-18,20.072412490844727,20.101239019085583,19.265288027094304,19.553547811404805,13096224
2022-04-19,20.082019805908203,20.351061884258176,19.880239621670142,19.985933218447556,9729100
2022-04-20,20.043588638305664,20.687366467832916,20.00515326570132,20.370281974644833,11521279
2022-04-21,19.755327224731445,20.40871384392458,19.60158941229768,20.024369312840175,11033938
2022-04-22,20.35106658935547,20.437544354793495,19.57276853311288,19.61120207736331,12752039
2022-04-25,19.101940155029297,20.235757869512284,19.01546424118667,19.976326462585913,14667161
2022-04-26,19.207639694213867,20.043590812022416,19.034684164136262,19.27489977086635,15297240
2022-04-27,20.283802032470703,20.283802032470703,18.832899861648144,18.880942239525357,15443020
2022-04-28,20.668148040771484,20.668148040771484,20.043587919931028,20.12045682968525,15129303
2022-04-29,20.89875602722168,21.081320386132575,20.30302056626483,20.466367238406264,20234409
2022-05-05,20.75462532043457,21.07170979503332,20.620103356905265,20.908363136440066,16492443
2022-05-06,19.966720581054688,20.5528453767816,19.870633978127476,20.293413931387498,18269764
2022-05-09,20.725801467895508,20.783452698164187,19.784156765142342,19.880243370723182,12988965
2022-05-10,21.427228927612305,21.427228927612305,20.331846473125943,20.447150757508446,16838695
2022-05-11,20.975624084472656,21.55214183510179,20.95640639848849,21.311926258397936,15428400
2022-05-12,21.15818977355957,21.311927605753503,20.908365338069547,21.110145555561765,8894060
2022-05-13,21.014060974121094,21.28310126653245,20.783452391054873,21.18701466237145,7025610
2022-05-16,20.869930267333984,21.206232467413813,20.648932359427075,20.994843403246275,8016413
2022-05-17,21.042884826660156,21.052493669959983,20.51441127406597,20.75462685846323,7589356
2022-05-18,20.687366485595703,21.494490983985557,20.658539956117693,21.235057716781796,10972581
2022-05-19,20.591278076171875,20.639320455044892,20.206933547089893,20.27419361059183,8807485
2022-05-20,20.84110450744629,20.937191107247084,20.52402001099328,20.620104778094618,7257622
2022-05-23,21.00444984436035,21.23505656962834,20.850712027515023,20.94679678851885,7188281
2022-05-24,19.736112594604492,20.975624013179786,19.6592418509291,20.946797484301516,12295498
2022-05-25,19.966720581054688,20.08202303840773,19.71689614652374,20.024371809731207,5855276
2022-05-26,20.562454223632812,20.75462742951797,19.55354947448452,20.06280535449101,11619034
2022-05-27,20.610496520996094,21.023665759561467,20.408714490348498,20.56245230765174,8334501
2022-05-30,20.610496520996094,20.898754470264837,20.42793217568624,20.687365429647716,8254436
2022-05-31,20.889148712158203,20.94679994398506,20.14928421169837,20.600890720324312,10657952
2022-06-01,20.8507137298584,21.10053632810416,20.61049814233791,20.84110488643364,8241406
2022-06-02,21.052494049072266,21.138971807628522,20.620105256290973,20.75462723221154,7794720
2022-06-06,21.417621612548828,21.44644630870984,20.95640631427918,21.04288406816103,10922927
2022-06-07,21.196622848510742,21.465664965275604,20.97562494868576,21.283100606303037,7982939
2022-06-08,21.119752883911133,21.37918614438751,20.7834507128528,21.13897056973147,8558307
2022-06-09,20.725801467895508,21.09093020256278,20.562454788217956,21.09093020256278,6887080
2022-06-10,20.975624084472656,21.03327530972575,20.552844156318038,20.64893075353946,6875722
2022-06-13,21.042884826660156,21.2158403406581,20.677757944764085,20.75462685846323,8462731
2022-06-14,20.5816707611084,20.889146407190037,19.832197499259845,20.85071286777954,13257706
2022-06-15,20.89875602722168,21.235058214889282,20.562453839554077,20.581671526323536,13175184
2022-06-16,21.196622848510742,21.47527380866358,20.86992950411751,20.93719140783334,12000053
2022-06-17,21.090927124023438,21.283098474435235,20.74501612750318,21.196620725305173,9733591
2022-06-20,21.18701171875,21.311924836614338,20.94679615807166,21.100533970289856,9133748
2022-06-21,21.244665145874023,21.542531933189366,20.89875414595987,21.206229775794977,12247934
2022-06-22,20.4471492767334,21.29270724773886,20.4471492767334,21.283098405344568,11101041
2022-06-23,20.860319137573242,20.889145665632345,20.437541055569177,20.552843502406887,9554170
2022-06-24,21.70587921142578,21.974921311575898,20.97562365333207,21.110143787057442,20679881
2022-06-27,21.5233154296875,21.89805297773242,21.379186449377645,21.811575223006624,12131241
2022-06-28,21.78274917602539,21.859618089405433,21.283100322705398,21.523315906105456,10367251
2022-06-29,21.71548843383789,22.128659517730775,21.600184150986625,21.80196618780149,14297297
2022-06-30,21.753921508789062,22.051790136173963,21.619401375582566,21.638619061097597,11071105
2022-07-01,21.629011154174805,22.03257340395481,21.600184624655004,21.78274897954819,8754414
2022-07-04,21.33114242553711,21.571357985136853,21.18701162361784,21.4752713947571,10918340
2022-07-05,21.215839385986328,21.523315026947095,20.917972587893004,21.359968363599265,9102893
2022-07-06,21.110143661499023,21.494490040198716,20.927581147585965,21.215839098911374,7482366
2022-07-07,21.20623016357422,21.3407502959121,21.04288350314993,21.196621320878748,6996925
2022-07-08,21.44644546508789,21.773138781857455,21.187012213647474,21.350358872032256,10540163
2022-07-11,21.062101364135742,21.42722822611091,20.91797238790079,21.42722822611091,8197202
2022-07-12,20.466365814208984,21.0909277618585,20.466365814208984,21.071710076426346,7244592
2022-07-13,20.5816707611084,20.764235113231653,20.466366477478076,20.57206191808092,4497834
2022-07-14,20.533626556396484,20.783449122142542,20.351062220475054,20.45675765169787,5119659
2022-07-15,19.93509292602539,20.552937263270053,19.92543890686202,20.388822620124486,8088122
2022-07-18,20.475704193115234,20.504666249308507,19.770977397587785,19.790285435049967,7066072
2022-07-19,21.943082809448242,22.087889413807357,20.466052867143063,20.523975140623534,21465479
2022-07-20,22.223041534423828,22.252001747501133,21.798273943238428,22.06858092695926,13524318
2022-07-21,21.92377281188965,22.435424732303254,21.9141206349354,22.19407979950139,8753517
2022-07-22,21.605195999145508,22.155463952522393,21.363851083938577,22.155463952522393,8194300
2022-07-25,21.39281463623047,21.885158518722793,21.190085777077236,21.78862017760976,6507087
2022-07-26,22.029964447021484,22.174771033677057,21.276969459886246,21.518314384750752,9807861
2022-07-27,21.933427810668945,22.165118735558334,21.807929250180617,21.943081829370477,6361929
2022-07-28,21.972042083740234,22.3968096651972,21.836889515633054,22.058926403613608,8245163
2022-07-29,21.740352630615234,22.058927877667347,21.721044593505223,21.952735514878054,6023347
2022-08-01,21.972042083740234,22.145810723486978,21.556928520193157,21.740351177849792,8599710
2022-08-02,20.929433822631836,21.71139092503838,20.610858570442815,21.566584327009878,11839913
2022-08-03,21.01631736755371,21.701736098660287,20.910125007004236,20.948741080409764,8847226
2022-08-04,21.170778274536133,21.556929807411617,20.939087354810844,21.19973848867945,5395860
2022-08-05,22.029964447021484,22.068580518831318,21.26731544193379,21.344545744237806,11154936
2022-08-08,22.06858253479004,22.15546686298337,21.82723758787874,22.001006244265405,8689100
2022-08-09,21.846542358398438,22.058927076261032,21.67277555466863,21.8948124494198,5742963
2022-08-10,21.54727554321289,21.86585078436679,21.460391219142213,21.68242811784917,6566148
2022-08-11,22.058927536010742,22.26165639857862,21.63415993274829,21.682428183459955,11721503
2022-08-12,21.7500057220459,22.078234973661786,21.72104366761543,22.02031086480085,8216638
2022-08-15,21.499008178710938,21.807929414220503,21.257663233304616,21.807929414220503,8623071
2022-08-16,21.170778274536133,21.47969950083652,21.074239930988323,21.460391463863807,9631112
2022-08-17,21.30592918395996,21.315583201691087,20.794279133419515,21.161122600624278,9563801
2022-08-18,21.151470184326172,21.219046472244827,20.90047122825992,21.19973843532071,9247778
2022-08-19,20.881160736083984,21.518312990451808,20.8715085600726,21.151467697291075,10348080
2022-08-22,21.025972366333008,21.151470928121437,20.514320417746116,20.75566536383725,6694016
2022-08-23,20.707395553588867,21.00666274866334,20.630165250301403,20.871510178239195,6118197
2022-08-24,20.079898834228516,20.78462747817907,20.060592637887428,20.746011402865253,9491976
2022-08-25,20.002668380737305,20.176437035765304,19.74201723951111,20.10886074576904,7447011
2022-08-26,19.93509292602539,20.59155149860766,19.828902397860055,20.466052932115584,10292155
2022-08-29,19.404132843017578,19.59720768325059,19.16278791173954,19.568247469939273,14316340
2022-08-30,19.471710205078125,19.548940513701847,19.220711241722082,19.433094130108366,8466368
2022-08-31,19.24967384338379,19.56824910564786,19.11451941847586,19.519979010567937,7692470
2022-09-01,19.153133392333984,19.384824299340163,19.06624907204221,19.24967173058214,6732924
2022-09-02,19.452402114868164,19.558594479431374,19.1434808812106,19.1434808812106,6293228
2022-09-05,19.510324478149414,19.53928653443525,19.317249626857937,19.481364263179387,4713475
2022-09-06,19.63582420349121,19.645478221920186,19.384825248285125,19.51997782365927,5785235
2022-09-07,19.568246841430664,19.742015480980125,19.433092432161285,19.587554877228524,5369604
2022-09-08,19.230365753173828,19.626171325175974,19.12417338560199,19.568249052553085,5812319
2022-09-09,19.548940658569336,19.799939623785406,19.33655776860919,19.433094274117373,7911307
2022-09-13,19.722707748413086,19.896476390634188,19.65513146339725,19.664785481444607,5550017
2022-09-14,19.703399658203125,19.915782530714683,19.336556179989405,19.384824428777957,6492155
2022-09-15,19.38482666015625,19.838554511470292,19.29794232928311,19.732363983648803,6066920
2022-09-16,19.10486602783203,19.742016511908293,19.09521200942897,19.394479214660976,6871485
2022-09-19,18.477367401123047,19.24001826992699,18.342214828450228,19.095211679018156,6797030
2022-09-20,18.477367401123047,18.80559665588478,18.40979111478664,18.61252181511157,3473645
2022-09-21,18.525638580322266,18.60286888943046,18.12017899717528,18.43875425241107,5457372
2022-09-22,18.506330490112305,18.709059360451636,18.342215853559406,18.419446162448075,3640699
2022-09-23,18.149139404296875,18.622177124069882,18.033294860066786,18.535292795239396,5532255
2022-09-26,17.811256408691406,18.17809988877933,17.74367828220025,18.052601336498522,5146132
2022-09-27,18.168445587158203,18.197407640916694,17.666447703238212,17.83056232523838,3809729
2022-09-28,17.637487411499023,18.19740755910301,17.618179375746838,18.120177257409896,3894134
2022-09-29,17.56991195678711,18.00433173381731,17.56991195678711,17.81125689113135,4312660
2022-09-30,17.502334594726562,17.762987577145637,17.463720361025107,17.656797053479785,4153608
2022-10-10,16.99068260192871,17.65679509143056,16.961720548884074,17.64714107374901,5377774
2022-10-11,17.23202896118164,17.338219481928444,16.855529605376105,17.058260311012276,4042253
2022-10-12,17.95606231689453,18.00433056410117,17.106527172059103,17.23202756090133,5780931
2022-10-13,18.34221649169922,18.68975381444723,18.00433318806264,18.00433318806264,8746172
2022-10-14,18.438753128051758,18.535291468879237,18.313252732581326,18.52563745066492,5937163
2022-10-17,18.641483306884766,18.747675673447613,18.226369700847258,18.264985776439506,6423118
2022-10-18,18.61252212524414,18.728366663375194,18.448407495128702,18.70905862658144,5052032
2022-10-19,18.35186767578125,18.612520627576124,18.322905622921066,18.58355857471594,5026349
2022-10-20,18.477367401123047,18.728366351312356,18.216716274013425,18.390483078314606,5430655
2022-10-21,18.487022399902344,18.66079105473584,18.274639511392408,18.467714362406223,4838534
2022-10-24,18.226367950439453,18.91178849584939,18.139485471332502,18.409790609255584,5543416
2022-10-25,18.033292770385742,18.342213974289596,17.840216097288025,18.168445336764773,4149911
2022-10-26,18.622175216674805,18.81525005105435,18.14913754535316,18.168445581185807,7109098
2022-10-27,20.4853572845459,20.4853572845459,18.76698253714409,18.96971139737278,25313466
2022-10-28,19.39447784423828,20.041282301014107,19.133824889720646,19.8385516115063,26650124
2022-10-31,20.45639991760254,21.12251070074619,19.404135714222832,19.558596345790864,30075718
2022-11-01,20.292282104492188,20.427434675726005,19.9350907988255,20.272974068225732,19669317
2022-11-02,20.18608856201172,20.39847142453504,19.896475400269413,20.39847142453504,17776087
2022-11-03,19.819246292114258,20.195743793268488,19.70339991566605,20.06059122184198,12477644
2022-11-04,20.21505355834961,20.47570470534646,19.70340160069682,19.742017676587224,18654063
2022-11-07,20.08955192565918,20.369512934812978,19.993013583146983,20.031629656678152,12027063
2022-11-08,20.2440128326416,20.272974888212723,19.79028500992194,20.012321912019917,11572920
2022-11-09,20.746009826660156,20.746009826660156,19.867514434489728,20.15712761207632,18379173
2022-11-10,20.05093765258789,20.707396170754354,19.877169004683154,20.55293555957586,15685758
2022-11-11,19.93509292602539,20.45639891295221,19.896478690687783,20.44674489378884,13678038
2022-11-14,19.877168655395508,20.079897513511472,19.54893940208002,19.9737069960146,12831922
2022-11-15,20.16678237915039,20.18609041605743,19.751668792227775,19.857861153900746,11127774
2022-11-16,20.18608856201172,20.630164163507573,20.128166297926374,20.543279846721767,11661853
2022-11-17,20.890817642211914,21.0259720621625,20.21505290772213,20.32124343037128,19062705
2022-11-18,21.47004508972168,22.184425872806187,20.76531832494698,20.871510685039176,43923636
2022-11-21,21.064584732055664,21.431430048716404,20.4467423140784,21.4121220128257,23875604
2022-11-22,20.784626007080078,21.122507435582207,20.63981757621838,20.968046827891037,12302089
2022-11-23,20.205398559570312,20.736356688105065,20.02197589061717,20.736356688105065,11905148
2022-11-24,20.079898834228516,20.379167893963118,19.915784196776446,20.33089779982085,7772791
2022-11-25,19.616514205932617,20.157126294709936,19.587553994856055,20.031627750308534,8750691
2022-11-28,19.346210479736328,19.394478729227778,19.104865549647695,19.375170692904923,7092089
2022-11-29,19.63582420349121,19.75166874200741,19.297940923740104,19.394479266714097,7533525
2022-11-30,19.442747116088867,19.655131834509476,19.307594543505356,19.587555548217722,5636239
2022-12-01,20.099205017089844,20.3212419057068,19.635823203980806,19.66478525779349,11433372
2022-12-02,20.137821197509766,20.45639642590581,19.935090502358285,20.002666786970227,7545879
2022-12-05,20.50466537475586,20.755664327111372,20.195744153800067,20.272974459039013,10562886
2022-12-06,20.4853572845459,20.630165717641493,20.301936460905385,20.417780997803003,6184093
2022-12-07,20.157127380371094,20.456396413928253,20.041282847194356,20.456396413928253,6146471
2022-12-08,19.790285110473633,20.224706739668875,19.790285110473633,20.070246125136293,4833400
2022-12-09,19.770977020263672,19.87716938296322,19.70340073175151,19.84820732732268,5280595
2022-12-12,19.915781021118164,19.98335914214171,19.65512991957515,19.77097444441304,4759656
2022-12-13,19.491018295288086,19.906131895756936,19.46205623898242,19.906131895756936,5080197
2022-12-14,19.664785385131836,19.761321882501267,19.433092635761355,19.57790106444682,4294152
2022-12-15,19.655132293701172,19.877169194223036,19.50067168104981,19.597208182970103,4227413
2022-12-16,19.326902389526367,19.587555355211105,19.182095800140072,19.577901337076593,5181162
2022-12-19,18.853866577148438,19.38482468613425,18.747674218824997,19.32690241855587,4624970
2022-12-20,18.80559730529785,19.11451853425552,18.74767503519723,19.027634208446706,3248750
2022-12-21,18.544944763183594,18.82490578432046,18.448408257855114,18.77663753165622,3885397
2022-12-22,18.41944694519043,18.815252525229273,18.342216633019824,18.79594448685765,3240745
2022-12-23,18.53529167175293,18.766982587485376,18.255330664420566,18.313252933024746,3052795
2022-12-26,18.67044448852539,18.776636850111174,18.477367802245006,18.544944090048418,2994100
2022-12-27,18.699405670166016,18.786288149485443,18.50632899290679,18.709057846844885,2796300
2022-12-28,18.4097900390625,18.64148093924157,18.33255973900281,18.64148093924157,3519009
2022-12-29,18.31325340270996,18.564252361519817,18.29394720689056,18.42909978420519,4463286
2022-12-30,18.49667739868164,18.680100081981696,18.322908734641157,18.332562753900728,4627803
2023-01-03,19.133825302124023,19.249671675956193,18.419444547219964,18.4966748493362,7392933
2023-01-04,19.27863311767578,19.37517146180548,19.04694219655396,19.143480540683658,5990657
2023-01-05,19.336557388305664,19.375171621486327,19.18209677295146,19.268979257936895,5293203
2023-01-06,19.153133392333984,19.375170281383784,19.07590308999859,19.25932574853852,4318691
2023-01-09,19.211057662963867,19.346212087137623,19.124173333607825,19.211057662963867,4384947
2023-01-10,19.08555793762207,19.240018549007402,19.037287845741822,19.230364530631352,3773135
2023-01-11,18.998672485351562,19.355861937475698,18.96005641414051,19.162787105367297,3885388
2023-01-12,19.14348030090332,19.191748551705707,18.911789382683526,18.99867370718042,3855100
2023-01-13,19.04694175720215,19.182096172392455,18.873173110040128,19.162788135748738,4029121
2023-01-16,19.452402114868164,19.606862731696946,19.046942535363662,19.133826862494328,8744417
2023-01-17,19.433094024658203,19.558594426313118,19.35586371645356,19.45240206203831,3333832
2023-01-18,19.529632568359375,19.61651689613546,19.375171950383173,19.40413400674714,3776659
2023-01-19,19.713056564331055,19.713056564331055,19.45240356352771,19.500673660703846,4897969
2023-01-20,19.973709106445312,20.03163138041058,19.655133837662504,19.713056111627772,7589237
2023-01-30,20.021974563598633,20.311589575589892,19.993012510004817,20.25366546840226,9386247
2023-01-31,20.060592651367188,20.14747697956583,19.92543822899384,19.98336234200348,4840628
2023-02-01,20.35020637512207,20.379168432372598,20.02197709154624,20.03163111062975,7431207
2023-02-02,20.27297592163086,20.523974892094667,20.215053648851782,20.398474486204837,7501223
2023-02-03,20.42743492126465,20.466050994261728,20.079897629553777,20.205398025478573,7682748
2023-02-06,20.65912437438965,20.852201043090204,20.234356808037774,20.292280913437285,10552484
2023-02-07,21.074241638183594,21.141817931746594,20.41778305845859,20.63981997768443,13366001
2023-02-08,20.649473190307617,21.373508035312128,20.60120493716698,21.141817105868583,15474157
2023-02-09,21.67277717590332,21.721045429219696,20.475704607446165,20.53362872100482,20053966
2023-02-10,21.537622451782227,21.991352128415954,21.40246987132919,21.672776873551072,18449566
2023-02-13,22.029964447021484,22.280963389838448,21.402468010636902,21.43143006449428,18019099
2023-02-14,22.010658264160156,22.280965265638766,21.817583412803266,22.029966301690585,12589538
2023-02-15,22.86984634399414,23.02430695365588,21.86585053987713,21.875504558145455,23103018
2023-02-16,21.914121627807617,22.840885327924497,21.72104493629204,22.78296305699614,26705452
2023-02-17,21.31558609008789,22.126505276231114,21.267317836207212,22.06858300331113,16842755
2023-02-20,21.933427810668945,21.981697904176606,21.24800905470232,21.38316163389218,12228491
2023-02-21,21.894813537597656,22.24235084496136,21.663122613127115,21.84654344417726,12958436
2023-02-22,21.798274993896484,21.94308159020961,21.489353764077613,21.605198304601803,8123338
2023-02-23,21.402467727661133,21.8175812875501,21.22869908944569,21.75965902191683,10859959
2023-02-24,21.98169708251953,22.174771925385816,21.33489258422024,21.518315250061576,14931483
2023-02-27,21.798274993896484,22.078236009242193,21.5376220157434,21.817583031089107,10627265
2023-02-28,22.194080352783203,22.74434651867866,21.865851088684906,22.474041365644123,22884350
2023-03-01,22.811922073364258,22.9760367001359,22.010656975906397,22.203733657278576,29607416
2023-03-02,22.88915252685547,23.410458465169125,22.725039740329734,22.792616026855793,25698825
2023-03-03,22.551271438598633,22.84088462565167,22.068581565966408,22.618847726156627,22558262
2023-03-06,22.464387893676758,22.879501493154375,22.358195528792027,22.396811603774037,15972197
2023-03-07,21.30592918395996,22.435423480083244,21.228698883426556,22.435423480083244,26086930
2023-03-08,22.06858253479004,22.08788873114292,21.344547694056146,21.44108419976801,19415630
2023-03-09,22.570575714111328,22.705730119045985,21.643812121325247,22.07823370626596,17306830
2023-03-10,22.2037353515625,22.522310611214895,22.126505041383613,22.23269740837302,13144696
2023-03-13,22.88915252685547,23.033960959486404,22.087887424174475,22.232695856805407,20786380
2023-03-14,22.676769256591797,22.98569047040257,22.280963721232286,22.860191917785322,18098531
2023-03-15,22.27130889892578,22.89880532198466,22.23269466925162,22.831229039068173,11926800
2023-03-16,22.32923126220703,22.860191192755686,21.98169582835012,22.136156430356664,14015572
2023-03-17,23.439420700073242,23.56491925582661,22.445078907120685,22.474040962132566,34591547
2023-03-20,23.130496978759766,23.68076496042641,23.07257471170063,23.381495924436916,23888727
2023-03-21,23.24634552001953,23.458728413234194,22.90846222161578,23.32357583039903,13141837
2023-03-22,24.037954330444336,24.134492669385008,23.072574623668935,23.381495835226556,27987894
2023-03-23,24.28895378112793,24.51099067639577,23.651803308688912,23.931764313317174,31712380
2023-03-24,24.095876693725586,24.4144537658996,23.69041898292012,24.22137708724547,21729635
2023-03-27,24.30826187133789,24.617183090013825,23.825572006827816,23.87384025675254,22148678
2023-03-28,23.767650604248047,24.19241637473913,23.57457391488608,23.941417415094886,16549423
2023-03-29,24.23103141784668,24.597874902442346,23.661457233917748,23.661457233917748,23933437
2023-03-30,23.50699806213379,24.13449455222857,23.120846517561294,24.13449455222857,23064372
2023-03-31,22.860193252563477,23.169114484411775,22.174772658248752,23.043615924466824,30883765
2023-04-03,23.516651153564453,23.60353547783157,22.705732021281836,22.76365429035467,25308701
2023-04-04,23.767650604248047,24.202070393338804,23.40080526272347,23.506997626004125,25680401
2023-04-06,23.960723876953125,24.279299104534022,23.42011176012523,23.458725990669397,22866770
2023-04-07,24.2696475982666,24.327571712050972,23.70007336859786,23.989688413572182,17448345
2023-04-10,23.748342514038086,24.771644546214443,23.555265825107103,24.23103239504977,23790001
2023-04-11,23.89314842224121,24.221377679185338,23.169113621567234,23.786956062254664,19854178
2023-04-12,24.88749122619629,25.321911019525324,23.700072705272362,23.85453332174257,34390389
2023-04-13,23.255998611450195,24.790952580174736,23.17876830415091,24.75233650586721,34172164
2023-04-14,23.36219024658203,23.671111466154073,22.976036880801267,23.487688801539782,19850311
2023-04-17,22.64780616760254,23.36218874354684,22.37750103852527,23.265650408312563,24588633
2023-04-18,22.966384887695312,23.39115064734942,22.300272351838302,22.599539555529997,21934570
2023-04-19,24.115184783935547,25.041950265711822,22.74434551810082,22.840883857644386,47968586
2023-04-20,24.482030868530273,24.56891519269428,23.999340997092787,24.395146544366266,29315587
2023-04-21,22.88915252685547,24.93575836574195,22.879500349908067,24.530298805269897,34792049
2023-04-24,23.79660987854004,24.12483913269775,23.07257508401256,23.07257508401256,27559681
2023-04-25,21.634159088134766,23.68076487730218,21.441082410194486,23.5552644842463,36618826
2023-04-26,20.40812873840332,21.73069989762892,20.272976153269273,21.51831700080172,31716119
2023-04-27,19.886823654174805,20.485358081157635,19.693746963416338,20.35985952108568,21211106
2023-04-28,20.475704193115234,20.639818828912183,19.886823781045077,19.896477799776168,17987603
2023-05-04,20.34054946899414,20.73635498865984,20.166780832786642,20.41777976938463,16538095
2023-05-05,19.867515563964844,20.437089774739217,19.722708966939244,20.35985946690451,13035036
2023-05-08,20.3695125579834,20.466050898709668,19.732362087032,19.95439898178143,13726379
2023-05-09,20.08955192565918,20.572241796904436,20.041283675060946,20.27297459230078,13424570
2023-05-10,19.819246292114258,20.253666060834746,19.655131666246778,19.973706899834745,11248277
2023-05-11,19.452402114868164,19.925437984070783,19.404133862602592,19.732363133692704,10739164
2023-05-12,19.336557388305664,19.645478619014074,19.307595332433333,19.48136398503576,8365397
2023-05-15,19.433094024658203,19.442748043348256,18.979366194120388,19.326903501699185,9829547
2023-05-16,19.114519119262695,19.500672508593922,19.056596847389343,19.42344219899084,7460101
2023-05-17,19.346210479736328,19.394478729227778,19.017981227510532,19.104865549647695,6592110
2023-05-18,19.983362197875977,20.031630450386732,19.384825923637273,19.384825923637273,16515634
2023-05-19,19.722707748413086,19.93509062150795,19.597207355113103,19.809592069523635,10867279
2023-05-22,19.790285110473633,19.915783669287944,19.60686244022278,19.713054803207342,7957343
2023-05-23,19.548940658569336,19.82890168022735,19.548940658569336,19.732363333403352,6001584
2023-05-24,19.59720802307129,19.85786099528713,19.346210910547587,19.413787197866718,6767882
2023-05-25,19.838552474975586,20.0798974045559,19.47170899219241,19.790284225585797,10237098
2023-05-26,20.002668380737305,20.05093847453164,19.674439108199042,19.732363220752244,8650166
2023-05-29,19.38482666015625,19.828902333654053,19.375172641024136,19.587557379298865,16601713
2023-05-30,20.2440128326416,20.2440128326416,19.17244255493079,19.355863382933936,20968335
2023-05-31,20.41777992248535,20.562586506638883,19.935090081096497,20.079896665250033,15278578
2023-06-01,20.44674301147461,20.610857639511888,20.13782179194931,20.350204670044025,12525814
2023-06-02,20.514320373535156,20.794281394229106,20.46605212094728,20.630166757588192,10423491
2023-06-05,20.746009826660156,21.074239076626654,20.44674263097859,20.475702843947843,10852439
2023-06-06,20.19574546813965,20.77497371578581,20.137823195769784,20.707397424468326,10083639
2023-06-07,20.765317916870117,20.852202238635254,20.15712766451415,20.292282076879744,12753755
2023-06-08,20.379167556762695,20.707396826235847,20.166782828682546,20.707396826235847,13544017
2023-06-09,21.074241638183594,21.344548653751506,20.359860784164002,20.43709109699542,23015914
2023-06-12,20.948741912841797,21.209393053423593,20.794281295713397,21.074240473765194,16993330
2023-06-13,21.41212272644043,21.450736958193104,20.861856574425918,21.064585434087807,17725251
2023-06-14,22.010658264160156,22.22304299436328,21.286623428611257,21.383161774947606,25856763
2023-06-15,21.711389541625977,22.416116290758957,21.65346727436844,22.01065673732486,20614545
2023-06-16,22.213388442993164,22.435425345321978,21.4507375506693,21.692082490065594,18820922
2023-06-19,22.445079803466797,22.474041859635282,21.81758331700938,22.25200311164184,20809195
2023-06-20,22.223041534423828,22.30992585628711,21.865850228839715,22.223041534423828,18505134
2023-06-21,22.39681053161621,23.28495995921206,21.846542537359234,22.22304188514724,35240241
2023-06-26,21.5183162689209,22.62850265224377,21.334893594394778,22.08788864746319,25667866
2023-06-27,21.711389541625977,21.981696524353932,21.44108255889802,21.807927881265652,12193120
2023-06-28,20.80393409729004,21.78862194201293,20.108861299358747,21.730699669180954,19800056
2023-06-29,21.47004508972168,21.711390023519787,20.62051173293126,20.74601028832736,16199321
2023-06-30,21.80792808532715,22.10719528382634,21.112855347785757,21.315584205741946,17649552
2023-07-03,21.479700088500977,22.0685823430697,21.054932470058823,21.991352034381656,14450883
2023-07-04,21.421777725219727,21.740352977352806,21.238355052380744,21.334893398154723,10405731
2023-07-05,20.929433822631836,21.672776691511483,20.881163729078473,21.450737943797602,12304668
2023-07-06,21.8658504486084,22.80226996225422,20.823240417085692,20.97770102610271,28554646
2023-07-07,21.267316818237305,21.943081546800297,20.765318900116842,21.86585123949836,23593768
2023-07-10,20.765317916870117,21.402468382270676,20.610857309580023,21.31558406050554,13192973
2023-07-11,20.823511123657227,21.02718872631321,20.58103893234811,20.86230756222637,9189681
2023-07-12,19.97970962524414,20.716825334321367,19.9603114052883,20.707126224343448,16110451
2023-07-13,20.377363204956055,20.51314704028494,19.892418821734587,20.076698205335227,10964413
2023-07-14,22.41412925720215,22.41412925720215,20.503447265358872,20.561641921396745,49991238
2023-07-17,21.938884735107422,22.38503268020372,21.841895488372916,22.297742543134266,33836072
2023-07-18,21.589723587036133,22.385032058315435,21.54122804005815,21.977678713280188,22843006
2023-07-19,21.46363639831543,21.841894254215255,21.289057983956944,21.71580768561001,16211297
2023-07-20,20.43555450439453,21.521830656583752,20.39675991855699,21.483034220830337,27752906
2023-07-21,20.241579055786133,20.464653024629456,20.134890701158465,20.377362889009724,12566530
2023-07-24,20.513145446777344,20.852606858645444,20.086393904716992,20.222179579413755,12607600
2023-07-25,20.73621940612793,20.94959610216108,20.464651756508815,20.775015841739727,13273625
2023-07-26,20.40645980834961,20.736220275292553,20.31916967448014,20.736220275292553,10065616
2023-07-27,20.23187828063965,20.561640576962095,20.086393499973525,20.42585490500143,8657086
2023-07-28,20.309471130371094,20.35796482835215,19.97970880433511,20.11549263861487,9483366
2023-07-31,20.47435188293457,20.551942908098372,20.26097517629714,20.30947072322199,9303241
2023-08-01,20.54224395751953,20.72652333742666,20.260975332928865,20.474352041215848,9088219
2023-08-02,20.454952239990234,20.658627973145826,20.38706032893837,20.54224236846144,7059121
2023-08-03,20.319169998168945,20.551943075557006,20.193083425052926,20.280373560312945,7798975
2023-08-04,20.872007369995117,20.91080195994585,20.319171051305634,20.319171051305634,16281514
2023-08-07,20.745920181274414,21.02718881230291,20.648932784286952,20.852608537859847,11209202
2023-08-08,20.47435188293457,20.872006118138554,20.387061748385797,20.745919546049898,7504911
2023-08-09,20.134889602661133,20.551942038998764,20.076696798728126,20.37736177728386,9651861
2023-08-10,20.17368507385254,20.22218062085457,19.96031021679151,20.047600351479197,5261537
2023-08-11,19.640247344970703,20.202782750484335,19.611150016267654,20.115492614291185,9623871
2023-08-14,19.73723602294922,19.84392252529268,19.378376378932277,19.407473706798278,5729664
2023-08-15,19.640247344970703,19.873020424847102,19.465667072584402,19.77603117908627,4224332
2023-08-16,19.38807487487793,19.679042594585358,19.32018296192096,19.523858700791866,5243277
2023-08-17,19.591753005981445,19.708138617153363,19.135904120796283,19.349280824471357,5285251
2023-08-18,19.349281311035156,19.630548086703403,19.349281311035156,19.54325795117147,6128000
2023-08-21,19.19409942626953,19.562656340682327,19.19409942626953,19.310485041382627,4369800
2023-08-22,19.417173385620117,19.455967973996746,18.81584154149639,19.291086811085076,8455995
2023-08-23,18.990421295166016,19.378376417913422,18.990421295166016,19.30078539336394,5132363
2023-08-24,18.689756393432617,19.203796239751583,18.689756393432617,19.106808846049407,5904313
2023-08-25,17.36100959777832,18.117523547259523,17.322215006734123,18.039932515255,17935590
2023-08-28,17.66167449951172,18.398790223669597,17.60348168836971,18.233909050503808,12970706
2023-08-29,18.195112228393555,18.272703250373056,17.642275965550134,17.681070551581943,8294641
2023-08-30,18.389089584350586,18.641260878218173,18.1757147279623,18.214511165441603,8224300
2023-08-31,18.321197509765625,18.52487510493341,18.19511278888343,18.330896619051323,4549905
2023-09-01,18.253305435180664,18.46668213776962,18.156316193087132,18.32119734967136,3811155
2023-09-04,18.602466583251953,18.621864802296717,18.156316794802308,18.29210247819967,5646502
2023-09-05,18.5733699798584,18.757649368146637,18.495778950565885,18.58306908975947,5409408
2023-09-06,18.82554054260254,18.835239652119814,18.263005140012595,18.447284521008815,5381124
2023-09-07,18.447284698486328,18.757648806361075,18.38909004082281,18.757648806361075,4635700
2023-09-08,18.5733699798584,18.69945655865627,18.29210319239156,18.4084888113723,4986764
2023-09-11,19.00981903076172,19.135903748732456,18.5733683725632,18.6897558313881,7179711
2023-09-12,19.174701690673828,19.310485528368734,18.93222949483804,18.9419286046614,5909330
2023-09-13,18.854639053344727,19.32988434999319,18.680058770919555,19.203797768278967,6083649
2023-09-14,18.747949600219727,19.048614596935803,18.6606594640899,18.85463795547085,4302829
2023-09-15,18.534574508666992,18.835239501636366,18.456983483064704,18.69945566931135,4739900
2023-09-18,18.4860782623291,18.689755853029556,18.272703412471586,18.447283675953145,3554483
2023-09-19,18.28240394592285,18.553971621460036,18.1175227786684,18.48607970257574,3988652
2023-09-20,18.166015625,18.631561775420078,18.156316515626752,18.156316515626752,4261020
2023-09-21,18.321197509765625,18.680057153672703,18.098123545942386,18.166015461026333,6045132
2023-09-22,19.038915634155273,19.038915634155273,18.33089728001355,18.379392828190657,9610616
2023-09-25,18.689756393432617,19.087410627342592,18.57336893110767,19.029217821138097,7435120
2023-09-26,18.796443939208984,18.932229627773374,18.66066010056065,18.71885290999336,5696611
2023-09-27,18.70915412902832,18.82553973843198,18.573368451502837,18.786745151936064,5316907
2023-09-28,18.806142807006836,18.932229384056637,18.709155409172876,18.718852669023445,5020574
2023-10-09,18.747949600219727,18.883733434236795,18.58306843752072,18.77704692890167,5431500
2023-10-10,18.864336013793945,18.97102251318384,18.777045882528462,18.85463690477379,7005674
2023-10-11,19.068012237548828,19.165001480296727,18.757648140688303,18.854637383436202,7685561
2023-10-12,18.971023559570312,19.281387665670408,18.874034313935034,19.281387665670408,5806087
2023-10-13,19.048614501953125,19.14560374715998,18.67035848055398,18.912830668613122,6962073
2023-10-16,18.621864318847656,19.02921765863232,18.524875076057793,19.01951854936174,6003689
2023-10-17,18.76734733581543,18.912830275644893,18.38908947235969,18.641260764691534,5511133
2023-10-18,18.20481300354004,18.680058287899847,18.020533615754463,18.660660068150616,7197445
2023-10-19,18.03993034362793,18.427885456948935,18.03993034362793,18.14661684359377,5157624
2023-10-20,17.47739601135254,18.136920668372035,17.438599572743858,17.97203950411716,6855450
2023-10-23,17.021547317504883,17.496794446750705,16.827570671813806,17.45799800766287,7302048
2023-10-24,17.108837127685547,17.341610208003907,16.895462266539383,17.040945210498858,5227500
2023-10-25,17.293115615844727,17.64227614322684,17.089439874815763,17.25432102942222,6676719
2023-10-26,17.50649070739746,17.60347994966521,17.070041892066477,17.16703113433423,5942805
2023-10-27,17.516189575195312,17.61317881612629,17.196126375064225,17.264018288741138,6052684
2023-10-30,17.700469970703125,17.76836188830282,17.370707642433732,17.419201340743225,6006600
2023-10-31,17.50649070739746,17.787759324982343,17.399804205827273,17.74896288810887,5250945
2023-11-01,17.467695236206055,17.690769187188483,17.43859791002389,17.50648982119977,4106009
2023-11-02,17.264019012451172,17.603480444981905,17.264019012451172,17.457997502444726,4351300
2023-11-03,17.651975631713867,17.71016843755635,17.244622290984594,17.254321400277668,6559061
2023-11-06,18.166015625,18.204812062492987,17.710168583953166,17.710168583953166,8091357
2023-11-07,18.369693756103516,18.466683002739977,18.12722156447037,18.175715262830597,8146001
2023-11-08,18.427886962890625,18.563670801170367,18.185414766010485,18.359995043750754,6721350
2023-11-09,18.340595245361328,18.67035755272745,18.233906895944084,18.369692572452184,5714342
2023-11-10,18.214509963989258,18.408486588842944,18.136918944064615,18.25330454899366,4105851
2023-11-13,18.52487564086914,18.583068448350943,18.32119803980884,18.32119803980884,4925334
2023-11-14,18.69945526123047,18.747948957455126,18.476379448815628,18.563669581952755,5006098
2023-11-15,18.641260147094727,18.87403321309314,18.602465561052934,18.796442191093668,5482700
2023-11-16,18.398788452148438,18.699455288917463,18.398788452148438,18.631561524220114,4173557
2023-11-17,18.5927677154541,18.62186504439954,18.340596414341647,18.389090112668036,4735400
2023-11-20,18.747949600219727,18.835239736349553,18.427886384382358,18.58306843752072,5627751
2023-11-21,18.495777130126953,18.796442107803113,18.46668165320351,18.747948412986787,5463700
2023-11-22,18.359994888305664,19.320184557831634,18.359994888305664,18.524876054784833,12384788
2023-11-23,18.505477905273438,18.5248761249129,18.136920981703863,18.311499408710898,8642934
2023-11-24,18.078725814819336,18.583068411778363,17.991435678810426,18.5345747139583,6843200
2023-11-27,18.117521286010742,18.282402439681047,17.991434718542685,17.991434718542685,4306568
2023-11-28,18.127222061157227,18.243607680377142,17.94294267249029,18.214512200530194,3380519
2023-11-29,18.059329986572266,18.21451204414383,17.981738957786483,18.088425466169404,3216600
2023-11-30,17.913843154907227,18.127219847277452,17.787758441165053,18.05932793603814,4499147
2023-12-01,18.359994888305664,18.379393107871692,17.865351388868156,17.923544197650205,6124182
2023-12-04,18.292102813720703,18.544274116180105,18.27270459432013,18.359994731706692,4496750
2023-12-05,17.671371459960938,18.33089607239275,17.651975091883916,18.33089607239275,6311922
2023-12-06,17.632577896118164,17.816857277902397,17.477395843010175,17.651976115235662,4078021
2023-12-07,17.816856384277344,17.904144666096048,17.55498598907353,17.55498598907353,4964505
2023-12-08,18.253305435180664,18.486078506255584,17.778060183829876,17.778060183829876,9032584
2023-12-11,18.263004302978516,18.282402521124,17.748962621618624,18.185413280312485,5742571
2023-12-12,18.301801681518555,18.495778323212363,18.16601599742529,18.195113326141563,4896400
2023-12-13,18.127222061157227,18.350296039592116,18.11752295123622,18.26300590021915,3434950
2023-12-14,18.107824325561523,18.398790231308492,18.06902788484,18.2145126876296,5309567
2023-12-15,17.85565185546875,18.224210618815274,17.807158157620204,18.136920482755098,4565172
2023-12-18,17.457998275756836,17.82655520317086,17.43860005591503,17.807158833245115,4847767
2023-12-19,17.53558921813965,17.622879357078304,17.341610720516854,17.40950448962607,2812751
2023-12-20,17.24462127685547,17.59377994129284,17.234922168132787,17.58408083257016,4192450
2023-12-21,17.273717880249023,17.409503561310995,16.895461864961717,17.167031377169707,4982466
2023-12-22,17.021547317504883,17.31251506091555,16.973053618561124,17.31251506091555,4642700
2023-12-25,16.905160903930664,17.16703130569276,16.905160903930664,17.070042062456878,3698800
2023-12-26,16.63359260559082,17.002151386775207,16.594798015417567,16.905162136467943,4979181
2023-12-27,16.70148277282715,16.827569339967248,16.585097164607244,16.682086404734424,4259552
2023-12-28,17.19612693786621,17.283417072569367,16.633591541954743,16.682087088965368,6319997
2023-12-29,17.525890350341797,17.574385900375365,17.128236089646947,17.1670325296738,5317049
2024-01-02,17.409503936767578,17.61317968787911,17.3901057176381,17.50649133258298,3799200
2024-01-03,17.264019012451172,17.4289001739709,17.167031617370373,17.36100825744795,3435400
2024-01-04,17.18642807006836,17.254321836837672,17.070042455438664,17.22522450822225,2808702
2024-01-05,16.856666564941406,17.215526235647555,16.827571084827447,17.176729795607507,3480056
2024-01-08,16.119550704956055,16.895460910404545,16.003163249180854,16.856664475174192,10691614
2024-01-09,16.138948440551758,16.36202426220191,16.03226193445752,16.148647550181416,4622750
2024-01-10,16.235937118530273,16.507506628905368,15.838282887215707,16.100153288300696,5093471
2024-01-11,16.488109588623047,16.614194318572974,16.109853548857192,16.197143688790245,3957569
2024-01-12,16.284433364868164,16.488109118966292,16.26503514545424,16.40081898151966,2910000
2024-01-15,16.168045043945312,16.342625309613368,16.003163887471693,16.19714237152863,2902999
2024-01-16,16.071056365966797,16.15834650186447,15.877079725017738,16.148647392329618,4417040
2024-01-17,15.663702964782715,16.129249121464653,15.663702964782715,16.041960835763273,3359000
2024-01-18,15.595810890197754,15.702499243741844,15.178758435342818,15.557016302491881,6368400
2024-01-19,15.537617683410645,15.712197948379561,15.421230223459396,15.586111379272714,3413693
2024-01-22,14.393149375915527,15.634607657231683,14.257364616252136,15.430930055257592,8214840
2024-01-23,14.752007484436035,14.829598508124803,14.305858635746636,14.431944280480375,6033481
2024-01-24,14.897491455078125,15.013877998677405,14.30585962720895,14.781104911478845,5179600
2024-01-25,15.615208625793457,15.615208625793457,14.829598362463738,14.887792092137698,6138185
2024-01-26,15.479424476623535,15.702499369952179,15.440628963647857,15.624908344000822,4140744
2024-01-29,15.05267333984375,15.624907831172058,15.004178718976307,15.518219480272093,4577100
2024-01-30,14.752007484436035,15.333941087059761,14.732609266034862,14.984780555502342,4672236
2024-01-31,13.995494842529297,14.713212289592855,13.966397514300624,14.645320373641919,6712217
2024-02-01,14.05368709564209,14.40284762097249,13.607538254909421,14.014891584489593,6649830
2024-02-02,13.219583511352539,14.199171351417373,12.783133767498873,14.005192865297545,9123004
2024-02-05,12.055717468261719,13.171089161682902,11.919932710166744,13.171089161682902,12867049
2024-02-06,13.093498229980469,13.171089256605935,11.842341769447321,11.929631905640472,11444394
2024-02-07,13.86940860748291,13.956698738554797,12.986810037681279,13.083798352793865,10384473
2024-02-08,14.587126731872559,15.033275592918791,13.927602087293437,13.927602087293437,12368262
2024-02-19,14.897491455078125,14.984781594017091,14.412547060935449,14.800503131224406,10650111
2024-02-20,14.693814277648926,14.790803523194052,14.44164390415599,14.790803523194052,7294765
2024-02-21,14.703513145446777,15.178758405896549,14.53863198570576,14.548331095092403,8253060
2024-02-22,15.188457489013672,15.304844026578154,14.752007741907367,14.887792498211587,8496790
2024-02-23,15.479424476623535,15.498821770632379,15.139963044367857,15.275747802261726,7947357
2024-02-26,15.741294860839844,16.003165282164208,15.3533397088312,15.421231629193203,9158553
2024-02-27,16.585098266601562,16.614193745631837,15.566713952473636,15.741294226319338,13397644
2024-02-28,15.489123344421387,16.682086968485496,15.479424235089311,16.575398615748604,15665253
2024-02-29,16.15834617614746,16.21653898226754,15.401833221880606,15.421230515601307,10175238
2024-03-01,16.70148277282715,16.75967742685299,16.119551031895856,16.13894739998858,12338944
2024-03-04,16.74997901916504,17.00215031408768,16.507506833652805,16.827570044532315,11738726
2024-03-05,16.497806549072266,16.79847151971403,16.342624509391623,16.575397568912585,9473402
2024-03-06,16.429916381835938,16.63359213681665,16.187444187859263,16.526905629409814,7251508
2024-03-07,16.10015296936035,16.58509732476328,16.090453860262382,16.48810808369951,6270368
2024-03-08,16.45901107788086,16.507506624317905,15.954670344347187,16.119551502401254,7949508
2024-03-11,16.46870994567871,16.478409054823896,16.14864674355124,16.31352789918757,6734022
2024-03-12,16.31352996826172,16.594798619398166,16.216540714424458,16.459012924059536,7202749
2024-03-13,16.449312210083008,16.60449611104384,16.28443289952432,16.400818512849977,7176025
2024-03-14,16.20684051513672,16.42021722922548,16.012863870411334,16.332927091628445,7147550
2024-03-15,16.3911190032959,16.410517221681967,16.080754908782488,16.22623784684616,5819173
2024-03-18,16.623891830444336,16.65298915759682,16.400817872022984,16.449311567361228,8547000
2024-03-19,16.536603927612305,16.73058243494039,16.391120972074315,16.517207556812416,8943911
2024-03-20,16.691783905029297,16.74027945075162,16.497807271887748,16.51720549017668,7475901
2024-03-21,16.536603927612305,16.75967976601445,16.497809336096378,16.652991401992388,5675200
2024-03-22,16.43961524963379,16.604496413107917,16.158346620800742,16.47840983814276,7193200
2024-03-25,16.168045043945312,17.186427460454414,16.158345934750873,16.294129763641173,14192571
2024-03-26,15.818883895874023,16.313527346010076,15.63460637811193,16.13894708714843,9361830
2024-03-27,14.955684661865234,15.877079718204858,14.955684661865234,15.760692253752573,8000358
2024-03-28,15.605509757995605,15.809185502609013,14.887792322347126,15.013877042834102,8738750
2024-03-29,16.197141647338867,15.974065845672547,15.6443035474693,15.760691002682853,4454100
2024-04-01,16.924558639526367,16.95365411672557,16.168044783776885,16.168044783776885,15462884
2024-04-02,16.672388076782227,16.943955741961403,16.57539883211139,16.837269237747858,8338400
2024-04-03,16.410518646240234,16.652990847366766,16.177745555148693,16.643291737331772,6969435
2024-04-08,15.925573348999023,16.391119505019258,15.896476020529265,16.245636562502433,6365822
2024-04-09,16.119550704956055,16.16804439907814,15.828582990475983,16.012862357988443,5135194
2024-04-10,15.760692596435547,16.119552257209747,15.654004239194238,16.041961229193166,5047521
2024-04-11,15.809185981750488,16.109852828029403,15.6540039287944,15.760692283920209,4031093
2024-04-12,15.741294860839844,16.138949122888214,15.712199380636749,15.85768233140048,5275431
2024-04-15,15.702499389648438,15.983766165356418,15.4018334699913,15.741293977714788,7549955
2024-04-16,14.975082397460938,15.683101689789044,14.955685102785685,15.634607990621904,8098597
2024-04-17,15.712198257446289,15.712198257446289,15.130264646074954,15.130264646074954,6357014
2024-04-18,15.605509757995605,15.906174745246037,15.508520515358581,15.692799891377334,7648742
2024-04-19,15.605509757995605,15.760691806248468,15.430929491232149,15.518219624613877,5168894
2024-04-22,15.731595039367676,15.857681614266005,15.11086682422514,15.401833637552203,6706710
2024-04-23,15.615208625793457,15.954670044815991,15.5861112984775,15.644304103193505,4459888
2024-04-24,16.032262802124023,16.032262802124023,15.537619283737317,15.615210315057814,6112269
2024-04-25,15.896475791931152,16.09045427910808,15.789789288908201,15.964367707468291,4276795
2024-04-26,14.732609748840332,14.916889129858687,14.315558214085408,14.74230885835877,30657787
2024-04-29,15.11086654663086,15.372736951301926,14.55803025893592,14.58712666224671,20317305
2024-04-30,14.8392972946167,15.159360491611977,14.722910761614592,15.130264089600937,9175193
2024-05-06,14.965383529663086,15.30484403313203,14.897490689002913,14.945985310915042,9072900
2024-05-07,14.868393898010254,15.0235759441149,14.722910961026637,14.984780432588739,7071429
2024-05-08,14.5386323928833,14.839298317584017,14.50953598886646,14.839298317584017,7128491
2024-05-09,14.674417495727539,14.732610305119447,14.499837217635758,14.548331842101033,5843285
2024-05-10,14.499836921691895,14.72291181969596,14.373751270638817,14.693814490635859,6378093
2024-05-13,14.257364273071289,14.45134183580844,14.140977735428999,14.45134183580844,5908350
2024-05-14,14.286460876464844,14.470740257366268,14.179773446703699,14.247665363373702,4874198
2024-05-15,14.14097785949707,14.35435364285901,14.131278750035621,14.286460801586855,4170552
2024-05-16,14.26706314086914,14.470739809533868,14.170073898663855,14.170073898663855,5785354
2024-05-17,14.47074031829834,14.480439427851465,14.140977993156094,14.276762752025842,4523006
2024-05-20,14.461041450500488,14.538632478306631,14.325257614318746,14.402848642124887,5133200
2024-05-21,14.334955215454102,14.461040861745236,14.257364190806937,14.461040861745236,4521500
2024-05-22,14.373750686645508,14.412546198858072,14.247665040715184,14.325256990098282,4039156
2024-05-23,14.014892578125,14.393149532398153,13.97609706422196,14.325257614307334,6624997
2024-05-24,13.898506164550781,14.2379676080505,13.879108869899436,14.160376579529082,5563700
2024-05-27,13.947000503540039,14.005193311262634,13.588141772724034,13.888806770859443,4776600
2024-05-28,13.694828987121582,14.063386821720243,13.694828987121582,13.947000283156138,3808011
2024-05-29,13.723925590515137,13.898505863384361,13.685130077095087,13.743323809704162,3407243
2024-05-30,13.74332332611084,13.83061345947393,13.559043950131436,13.694828704802683,3538900
2024-05-31,13.86940860748291,13.99549424959142,13.75302207437304,13.75302207437304,4746280
2024-06-03,13.790437698364258,13.987866821960274,13.67198022420665,13.968123438892512,5789679
2024-06-04,13.671979904174805,13.820051508051696,13.504164917692302,13.790437375559577,5073769
2024-06-05,13.652236938476562,13.83979531329227,13.602879421871569,13.662108630080827,3705511
2024-06-06,13.227763175964355,13.790437340376885,13.138920778714658,13.741079825405077,6447303
2024-06-07,13.286993026733398,13.435064637415117,13.129049724295207,13.316607160586473,4620537
2024-06-11,13.484421730041504,13.523907554407305,13.03033427912663,13.277120916766968,4660725
2024-06-12,13.573265075683594,13.701594240278196,13.425193469606297,13.514035868402887,3776991
2024-06-13,13.583136558532715,13.691722338560725,13.425193263431499,13.573264867234814,4236891
2024-06-14,13.741080284118652,13.80030855092898,13.42519368402003,13.583136984069341,5124907
2024-06-17,13.760822296142578,13.869409017597377,13.622622383623815,13.711465722480904,5182838
2024-06-18,14.017480850219727,14.066838366103353,13.691722563370638,13.75095177071425,5135010
2024-06-19,13.908895492553711,14.195167963708899,13.88915210903167,14.047095411542625,4992760
2024-06-20,13.494293212890625,13.93850896549323,13.494293212890625,13.918766524323667,5321560
2024-06-21,13.464679718017578,13.573265503132756,13.31660716586087,13.543651369267952,3668938
2024-06-24,12.783547401428223,13.435063961937491,12.753933269064063,13.385707388469324,5928579
2024-06-25,12.674962043762207,12.882262860044909,12.52688949417952,12.783547826989784,4988418
2024-06-26,13.306735038757324,13.326478421632164,12.586118509319265,12.655218466548583,5079212
2024-06-27,12.94149112701416,13.365964451177174,12.931620376841503,13.277121109708977,3394000
2024-06-28,13.040205955505371,13.336350108614873,12.902005099676588,12.980976748316946,4316800
2024-07-01,12.902005195617676,13.109306010194214,12.625604423321066,13.010591919367869,5109753
2024-07-02,12.783547401428223,13.059948166798396,12.714447445439754,12.892134122457298,4493192
2024-07-03,12.52688980102539,12.8131622741979,12.50714735878057,12.783548140122495,5757500
2024-07-04,12.220874786376953,12.63547642573153,12.181388960791582,12.536761391059931,4616500
2024-07-05,12.388689041137695,12.447917305272965,12.102416587373806,12.220874057060628,3167588
2024-07-08,11.944473266601562,12.378817321106945,11.885244061188141,12.378817321106945,4832511
2024-07-09,12.42817497253418,12.477532487354006,11.895115883595908,11.895115883595908,5448745
2024-07-10,12.487403869628906,12.586118904268133,12.339332259086405,12.368946392911637,4471789
2024-07-11,12.823033332824707,12.823033332824707,12.546632565131503,12.744061684912364,4885919
2024-07-12,12.734189987182617,12.823033326393523,12.684833413324384,12.734189987182617,2800800
2024-07-15,12.51701831817627,12.724319127406568,12.438046670985326,12.704575744900685,3189050
2024-07-16,12.674962043762207,12.694704485523436,12.408432019363165,12.517018744007068,4033257
2024-07-17,12.546632766723633,12.73419019817494,12.536761075221902,12.655218548993725,4406710
2024-07-18,12.368946075439453,12.467661107544975,12.141902819579597,12.467661107544975,5120110
2024-07-19,12.566374778747559,12.615732293152682,12.260359883985101,12.339331530466787,3753900
2024-07-22,12.61573314666748,12.734190624404222,12.526889803010835,12.576247320755233,3172124
2024-07-23,12.25048828125,12.615732384218347,12.25048828125,12.56637486945694,3153441
2024-07-24,12.132031440734863,12.378818085942177,12.132031440734863,12.240617225716198,3110891
2024-07-25,12.1024169921875,12.299846114936008,12.013573651596591,12.082673609204491,3011546
2024-07-26,12.329460144042969,12.36894596825976,12.122159331550735,12.122159331550735,2980877
2024-07-29,12.388689041137695,12.467660687595577,12.230745748221935,12.378817349976389,2837212
2024-07-30,12.477532386779785,12.497274827698808,12.240616505837524,12.29984571142716,2932208
2024-07-31,13.109306335449219,13.129049718954132,12.428175608607528,12.507147259794499,8486788
2024-08-01,13.109306335449219,13.227763812229671,13.03033468426225,13.109306335449219,4901595
2024-08-02,12.872390747070312,13.198149027505467,12.862519055804691,12.990848218008887,4031650
2024-08-05,12.368946075439453,12.941491002252317,12.34920363386814,12.813161837081665,5925537
2024-08-06,12.576247215270996,12.704576383763516,12.428175604696117,12.53676138968994,3575187
2024-08-07,12.665090560913086,12.823033863271368,12.526889700641417,12.526889700641417,3629765
2024-08-08,12.625604629516602,12.73419041362385,12.438047194892023,12.6453480128541,3393000
2024-08-09,12.51701831817627,12.763804951002038,12.51701831817627,12.635475788962683,2557900
2024-08-12,12.438047409057617,12.586119020973115,12.378818199441609,12.576247329134388,3232500
2024-08-13,12.546632766723633,12.566375208310777,12.398561159862933,12.43804698445354,2140500
2024-08-14,12.576247215270996,12.684833941681159,12.51701894760758,12.586118907020346,2523700
2024-08-15,12.763805389404297,12.902005306027094,12.457789539966354,12.546632881461768,3948303
2024-08-16,12.931620597839355,13.030334691167205,12.783548045723068,12.793419737480756,4848751
2024-08-19,13.109306335449219,13.2080213701411,12.85264893979974,12.931620590986709,4175200
2024-08-20,12.980977058410645,13.158663742804244,12.941491233147215,13.158663742804244,3449442
2024-08-21,12.892134666442871,13.079692101218287,12.852648841152451,12.921748800056603,2884298
2024-08-22,12.734189987182617,13.050077520089868,12.635475898049847,12.882262533006227,5246000
2024-08-23,13.346221923828125,13.415321881675226,12.862519394649453,13.000720251759978,20567235
2024-08-26,13.494293212890625,13.622622375449831,13.178406622847223,13.385707432917279,14146882
2024-08-27,13.35609245300293,13.622622471289398,13.296864187661251,13.464679175156515,7763276
2024-08-28,13.593008995056152,13.711466472876399,13.277121446119148,13.296864829797364,7580426
2024-08-29,13.464679718017578,13.593008886653521,13.356092991486056,13.484422160122001,7595674
2024-08-30,13.602879524230957,13.780566208779463,13.35609288076529,13.35609288076529,9641519
2024-09-02,13.44493579864502,13.701594125687715,13.415321665960494,13.701594125687715,7587300
2024-09-03,13.54365062713623,13.573264759378313,13.336349818609074,13.43506390655478,5898429
2024-09-04,13.573265075683594,13.652236724446993,13.36596426232559,13.395578395257788,4471528
2024-09-05,13.731208801269531,13.810180452494807,13.504165539350948,13.504165539350948,4667136
2024-09-06,13.36596393585205,13.741079729023873,13.34622149485158,13.711465596815025,4362256
2024-09-09,13.35609245300293,13.494293307827354,13.296864187661251,13.306734937607327,3614054
2024-09-10,13.6226224899292,13.770694094902307,13.158663350841794,13.346221721318456,4535861
2024-09-11,13.662108421325684,13.780565894517856,13.553521698170623,13.573265081077475,3518456
2024-09-12,13.593008995056152,13.790438124756562,13.583137303217045,13.691723089198183,2807709
2024-09-13,13.464679718017578,13.711466363529082,13.425193892392391,13.593008886653521,2839200
2024-09-18,13.415322303771973,13.563393915650746,13.257379000056922,13.464679821537013,3214952
2024-09-19,13.721336364746094,13.859537217597236,13.365963953521243,13.484421423929527,4912125
2024-09-20,13.790437698364258,13.869409347802664,13.662108532672768,13.721336799043412,4537100
2024-09-23,13.948381423950195,14.096453035822936,13.721337218806797,13.750952294314425,6704750
2024-09-24,14.116195678710938,14.116195678710938,13.711465748842766,13.94838069197297,10237742
2024-09-25,14.066838264465332,14.432082373099037,14.066838264465332,14.185295736880347,9722973
2024-09-26,14.47156810760498,14.47156810760498,14.037224044773453,14.037224044773453,9024609
2024-09-27,15.093470573425293,15.241542178000843,14.50118227229048,14.659126509631719,15911742
2024-09-30,16.435989379882812,16.53470440964122,15.478457921741231,15.517943745361336,26441930
2024-10-08,17.817995071411133,18.08452510072183,16.781491912313104,18.074653408951136,30924243
2024-10-09,16.357017517089844,17.452750755586656,16.297789253148345,17.442879064457646,24425781
2024-10-10,16.238561630249023,16.801234866987055,16.080618331614932,16.5840614192407,14988177
2024-10-11,15.438972473144531,16.287918172306384,15.251414100330896,16.100359799492747,12442476
2024-10-14,15.626529693603516,15.695629650330346,15.103342289636851,15.508072221464817,14086248
2024-10-15,15.369871139526367,15.932544359226549,15.340257007283276,15.646272845182851,11297425
2024-10-16,15.281027793884277,15.587043631633728,15.103342059096608,15.22179952942715,7474400
2024-10-17,15.350129127502441,15.685759107025163,15.28102822844897,15.498200734272434,8863920
2024-10-18,15.823960304260254,16.149718599297874,15.231671981601124,15.290900249017236,15615418
2024-10-21,16.031259536743164,16.248431097087856,15.863444550120986,15.863444550120986,16259110
2024-10-22,15.922673225402832,16.05100333291995,15.725245042593441,15.981903374795031,12599370
2024-10-23,15.991774559020996,16.20894611807135,15.804216190894618,15.932544411507875,11916047
2024-10-24,16.129974365234375,16.238561085464596,15.823959469751339,16.0016442626291,12301233
2024-10-25,16.62354850769043,16.712391850249094,16.120103527468885,16.28791852087607,17751370
2024-10-28,16.96904945373535,16.97892114501938,16.44586111267726,16.74200431986782,14895669
2024-10-29,16.77161979675293,17.107249777145025,16.653163264163155,17.028278127807628,15758441
2024-10-30,17.087507247924805,17.205965669266305,16.643292404267825,16.68277728949317,15235219
2024-10-31,17.284936904907227,17.344165172730523,16.850591880926775,17.087506835052654,15960508
2024-11-01,16.603805541992188,17.39352395317793,16.5741923489494,17.25532214859161,16898893
2024-11-04,17.27506446838379,17.32442104230327,16.564319636647166,16.564319636647166,15041965
2024-11-05,17.669923782348633,17.85748216374257,17.176350481820275,17.284937210442987,23057166
2024-11-06,17.433008193969727,17.75876648523155,17.324421469271567,17.63043826017862,18461731
2024-11-07,17.492237091064453,17.52185216691282,17.166478788063326,17.344165477488072,14569915
2024-11-08,17.669923782348633,17.956197200414785,17.57120874567642,17.61069551347839,16696783
2024-11-11,18.43002700805664,18.47938358468452,17.58108033366162,17.719282137318558,22671917
2024-11-12,19.219741821289062,19.575115166460044,18.153623668608656,18.439897059514735,46297355
2024-11-13,18.627456665039062,18.81501315831065,18.242468221158468,18.637326473878478,27401306
2024-11-14,18.143753051757812,18.74591305942882,18.10426816819705,18.597841451118818,16301571
2024-11-15,17.74889373779297,18.499125308791346,17.6699220925738,18.02529543747633,14469327
2024-11-18,17.403392791748047,17.896966065151176,17.304679643333515,17.74889445969676,13811384
2024-11-19,17.689666748046875,17.76863839895113,17.19609345918712,17.52185175452125,10518499
2024-11-20,17.956195831298828,18.054910860444263,17.571207405914883,17.640309244299495,9897755
2024-11-21,17.768638610839844,18.045040333717125,17.551467038971573,18.03516864188229,9385542
2024-11-22,17.136865615844727,17.995682105329617,17.10725053996042,17.768638838714782,10685800
2024-11-25,16.929563522338867,17.284936894734887,16.643291992334163,17.176350168095507,11666719
2024-11-26,16.91969108581543,17.275064442568997,16.88020620330537,16.949306159822427,7665504
2024-11-27,17.136865615844727,17.156607116934875,16.50509051014195,16.850592197461282,9152565
2024-11-28,16.69264793395996,17.275064546437907,16.663032859774898,17.097377866992755,11997800
2024-11-29,16.880207061767578,17.14673709288744,16.495218611427987,16.67290529884123,12871950
2024-12-02,17.284936904907227,17.403393440553824,16.791363613103478,16.84072018915078,12233900
2024-12-03,17.19609260559082,17.324420825877898,17.02827762039536,17.314551017483385,8444400
2024-12-04,16.84071922302246,17.196092575240353,16.732134385381222,17.166477501611336,7526441
2024-12-05,17.01840591430664,17.11712094365881,16.742004208687085,16.781490973560985,5956800
2024-12-06,17.205965042114258,17.27506500086449,16.880206748839832,17.08750662509053,8906449
2024-12-09,17.087507247924805,17.39352405187671,16.978922401430555,17.25532224650617,8173603
2024-12-10,17.29480743408203,17.650178899965525,17.1269924508364,17.551465754506673,11138526
2024-12-11,17.768638610839844,17.808125378179184,17.176350280578642,17.205965356083148,11478800
2024-12-12,17.956195831298828,18.09439574240289,17.679794126258123,17.817994037362187,11008200
2024-12-13,17.590951919555664,17.926581910534413,17.541595343225193,17.81799518320814,12214150
2024-12-16,17.482364654541016,17.778509751913678,17.37377981338708,17.6699230279271,9037437
2024-12-17,17.284936904907227,17.887096923414262,17.18622186997994,17.6501800864557,12140064
2024-12-18,17.581079483032227,17.739022779998884,17.07763451788878,17.215836314859065,8965840
2024-12-19,19.33820152282715,19.33820152282715,17.37378006777273,17.492236602190115,25954344
2024-12-20,18.83475685119629,19.624473369614975,18.73604181568578,19.624473369614975,68682475
2024-12-23,18.716297149658203,19.89100203779896,18.686683959016904,18.85449894303701,48965556
2024-12-24,18.90385627746582,19.594859623696667,18.587969679017196,19.051927885134532,36746159
2024-12-25,18.736042022705078,19.1506436701641,18.291827182248586,18.63732698610384,27418505
2024-12-26,19.53563117980957,19.693574477599736,18.55835443583806,18.676812850596995,39176318
2024-12-27,19.713315963745117,20.858405813329586,19.515887783063473,20.335219345832233,59789141
2024-12-30,19.525758743286133,20.23650355622151,19.26910042346244,20.078560264458094,32299128
2024-12-31,18.745912551879883,19.64421575184917,18.745912551879883,19.565244104033162,24749600
2025-01-02,17.798254013061523,18.75578554462524,17.57120886235792,18.617585622066052,23643140
2025-01-03,16.939434051513672,17.99568052160604,16.850590714512204,17.896965493511903,20707297
2025-01-06,16.66303253173828,17.354035853125414,16.465604356222368,16.880205972488135,18188200
2025-01-07,18.33131217956543,18.33131217956543,16.57419242518919,16.58406223436037,30602594
2025-01-08,18.499126434326172,18.77552815082653,17.729151434467592,18.311568059456906,39705138
2025-01-09,18.736042022705078,19.24935870676534,18.193112145647348,18.341183759132846,30283759
2025-01-10,17.719282150268555,18.676813670511255,17.669923690771896,18.459642097224076,27588300
2025-01-13,17.255321502685547,17.650179752081613,17.038149936225874,17.462623260388888,17988200
2025-01-14,18.98282814025879,18.98282814025879,17.52185166461054,17.739023232774684,13700683
2025-01-15,19.624473571777344,20.137790255453794,19.24935869237238,19.377686921875135,52483276
2025-01-16,19.65408706665039,19.802158668114593,19.318457099154163,19.77254547752129,33382714
2025-01-17,19.63434410095215,19.802159088260826,19.32832920038901,19.62447240960074,24309777
2025-01-20,19.792287826538086,20.039074467182363,19.515887994029388,19.94036131719077,30978228
2025-01-21,20.157533645629883,20.28586187517277,19.723188614472996,19.8416470349095,36088789
2025-01-22,20.039073944091797,20.335219034834086,19.752802427490106,19.841645766429536,29894232
2025-01-23,19.73305892944336,20.75969222547907,19.723187238193102,20.384575489299642,37313423
2025-01-24,20.246376037597656,20.730077622857756,19.72318768643912,19.72318768643912,36895693
2025-01-27,19.318458557128906,20.325348535608132,19.21974352109184,20.246376883345018,28397900
2025-02-05,19.367816925048828,19.821903452707947,19.2987150821665,19.644216765247354,23409533
2025-02-06,20.00946044921875,20.098303786809364,19.269100557851992,19.357943895442606,26476215
2025-02-07,20.394447326660156,20.65110565250784,19.85151748383445,20.00946077930493,32408334
2025-02-10,20.522777557373047,20.611619014143727,20.18714758172342,20.463547409082445,26286189
2025-02-11,20.69059181213379,21.006480305406303,20.20689020454376,20.384576893624327,31387697
2025-02-12,20.976863861083984,21.18416372959858,20.591877315081106,20.61161881482112,29125622
2025-02-13,20.443803787231445,20.848535597820156,20.236503919136517,20.809048832754883,25913404
2025-02-14,21.332237243652344,21.934395350234972,20.305603942540003,20.34509070773629,39219692
2025-02-17,22.358869552612305,22.62539957980686,21.598766237797907,21.934396224006015,52283845
2025-02-18,20.789306640625,21.924524841598387,20.70046329697352,21.91465503259951,41551285
2025-02-19,21.223651885986328,21.282880154754057,20.641235241744273,20.799178547013366,26269021
2025-02-20,21.71722412109375,21.96401075883345,21.11506412250244,21.361850760242138,29594996
2025-02-21,23.257171630859375,23.494086571215416,22.112081811055553,22.21079684024538,56297030
2025-02-24,23.178199768066406,23.92843134695176,22.783341537819524,23.188071459176648,46347642
2025-02-25,22.6451416015625,23.148586550603035,22.358868208196636,22.63526991046376,29211024
2025-02-26,23.000513076782227,23.25717139696153,22.21079661687095,22.73398494833252,34471724
2025-02-27,22.339126586914062,23.40524483279339,21.99362678538632,23.1189732996943,29192403
2025-02-28,20.838665008544922,22.398356537283757,20.779434857814795,22.131826507496267,26932002
2025-03-03,20.631362915039062,21.115064507897554,20.295732930960494,20.91763632380188,19739701
2025-03-04,21.04596519470215,21.20390849995512,20.364833514028255,20.433935357555058,16433642
2025-03-05,21.509923934936523,21.697480421239394,20.986735592751312,21.0558355490558,16072676
2025-03-06,21.914653778076172,22.210796984739666,21.608636997313628,21.608636997313628,20592016
2025-03-07,21.697481155395508,22.220669515283326,21.51979447155313,21.914654605795153,16035806
2025-03-10,21.411209106445312,21.815939039612775,21.223650735542734,21.727095699860637,12231946
2025-03-11,21.154550552368164,21.194035434706535,20.78930550586711,21.02622044839512,13060697
2025-03-12,22.04298210144043,22.635270400355907,21.184163785588098,21.32236558112902,25724306
2025-03-13,21.39146614074707,22.092339298199118,21.184164383005836,22.05285441466862,16705354
2025-03-14,21.776453018188477,21.776453018188477,21.19403638561376,21.39146645466144,15372395
2025-03-17,21.657995223999023,21.954138427522413,21.44082178410481,21.727095179298978,12263949
2025-03-18,22.003498077392578,22.457584598481308,21.569153056866163,21.77645293401554,20196294
2025-03-19,21.04596519470215,21.914655256426215,20.976865234008063,21.914655256426215,22186415
2025-03-20,20.96699333190918,21.27300824741533,20.848536795573178,21.06570836741098,11691100
2025-03-21,20.473419189453125,21.055835803680598,20.453675806603776,20.878149123701693,11986222
2025-03-24,20.443803787231445,20.591877273393635,19.94036071247731,20.384575522466122,11867999
2025-03-25,19.792287826538086,20.473419481909435,19.742931251542288,20.364832757519505,10774385
2025-03-26,19.772546768188477,20.187148409051204,19.752803384615802,19.772546768188477,7403800
2025-03-27,19.6047306060791,19.920617193100977,19.496143885728117,19.713315443597512,8656121
2025-03-28,19.65408706665039,19.83177374154046,19.60473049377318,19.644215375508434,5964300
2025-03-31,19.73305892944336,19.861389032864118,19.288844120177306,19.506015679185204,8758071
2025-04-01,19.673831939697266,19.881131820888555,19.60473197930017,19.73306020820439,6951900
2025-04-02,19.841646194458008,19.969974418565172,19.57511617189008,19.624472746662228,7396503
2025-04-03,19.663959503173828,19.95023102581168,19.397429480735646,19.742931152470405,12403700
2025-04-07,17.69953727722168,18.607712144386127,17.69953727722168,18.262210488311027,13354000
2025-04-08,16.890077590942383,17.8081241574934,16.416245829513343,17.66992236411167,20089138
2025-04-09,17.205965042114258,17.433008301674352,15.863445102397765,16.52483338060131,14873263
2025-04-10,18.05491065979004,18.657068753503186,18.025295586525765,18.28195390631848,19413678
2025-04-11,18.143753051757812,18.410283076415404,17.768638185183637,17.768638185183637,13136827
2025-04-14,18.311567306518555,18.745912305207455,18.21285416017194,18.61758408525731,13167002
2025-04-15,18.232595443725586,18.449768881913297,18.04503896162309,18.341182162819443,7531493
2025-04-16,18.281953811645508,18.410282029461044,17.857480511218476,18.232595356460653,9350651
2025-04-17,18.281953811645508,18.80514025677716,18.064780374497232,18.064780374497232,12539102
2025-04-18,18.499126434326172,18.558354701136015,18.114139875813212,18.232596409432897,8154439
2025-04-21,18.736042022705078,18.75578540659187,18.380670526906428,18.56822702533279,8910750
2025-04-22,18.617584228515625,18.716297375621817,18.48925412474543,18.706427567177272,7804600
2025-04-23,18.913728713989258,19.002572058656348,18.716298640766237,18.745913716599503,10665368
2025-04-24,18.60771369934082,18.96308519334873,18.459642086601466,18.96308519334873,7837102
2025-04-25,19.00257110595703,19.229614360797726,18.62745624503904,18.67681281945393,11492160
2025-04-28,19.042057037353516,19.200000327959415,18.745911955343043,18.933470318999756,9292103
2025-04-29,18.97295570373535,19.25922910232595,18.7360407615393,18.923599130173397,8339300
2025-04-30,19.08154296875,19.298714534577115,18.80514125356151,18.82488463668197,13118250
2025-05-06,19.594860076904297,19.634344961207294,19.229615012229957,19.2493583957978,13557440
2025-05-07,19.50601577758789,19.94036078062743,19.328329099852052,19.831774059159397,12539571
2025-05-08,19.86138916015625,19.90087404257775,19.436915847837664,19.456657347632117,11588497
2025-05-09,19.63434410095215,19.85151754501785,19.535630953103308,19.841645853666446,7803400
2025-05-12,19.91074562072754,19.96997388543946,19.713315561244336,19.802158899728518,8647315
2025-05-13,19.723188400268555,20.12791835121255,19.624473364782354,20.11804665938066,9667101
2025-05-14,19.73305892944336,19.861389032864118,19.555372252603902,19.723187238193102,7792458
2025-05-15,19.278972625732422,19.733059130884183,19.2394858603283,19.693574248312665,7557267
2025-05-16,19.28884506225586,19.49614494013815,19.130899877370197,19.18025833603218,5815020
2025-05-19,19.63434410095215,19.841645853666446,19.032185991177275,19.249357552410373,8328820
2025-05-20,19.68370246887207,19.79228730758225,19.446787526005416,19.62447232103096,7088609
2025-05-21,19.742931365966797,20.24637634173887,19.72318798272099,20.019333082910087,15174079
2025-05-22,19.278972625732422,19.693574248312665,19.26910093438139,19.55537245223085,10115300
2025-05-23,18.98282814025879,19.288844933421085,18.98282814025879,19.2592298584217,6202408
2025-05-26,19.13089942932129,19.229614461500653,18.953214630797596,18.953214630797596,4025123
2025-05-27,18.637325286865234,19.13089854203768,18.558353641350944,19.13089854203768,8058423
2025-05-28,18.82488441467285,19.03218616932759,18.676812808680964,18.706427883012392,7602651
2025-05-29,19.200000762939453,19.20987057134745,18.755784071276196,18.755784071276196,7081076
2025-05-30,19.149999618530273,19.299999237060547,19.06999969482422,19.219999313354492,5755000
2025-06-03,19.110000610351562,19.34000015258789,19.030000686645508,19.030000686645508,7106000
2025-06-04,19.270000457763672,19.399999618530273,19.149999618530273,19.18000030517578,5579363
2025-06-05,19.68000030517578,19.739999771118164,19.139999389648438,19.270000457763672,11147336
2025-06-06,19.809999465942383,19.969999313354492,19.59000015258789,19.68000030517578,12421294
2025-06-09,19.850000381469727,20.0,19.770000457763672,19.899999618530273,8694891
2025-06-10,19.65999984741211,20.549999237060547,19.540000915527344,20.0,12943760
2025-06-11,19.729999542236328,19.889999389648438,19.530000686645508,19.799999237060547,6390134
2025-06-12,19.670000076293945,19.8700008392334,19.56999969482422,19.700000762939453,7056700
2025-06-13,19.93000030517578,20.860000610351562,19.65999984741211,19.700000762939453,24673070
2025-06-16,20.06999969482422,20.309999465942383,19.729999542236328,19.780000686645508,13939506
2025-06-17,20.270000457763672,20.5,20.0,20.149999618530273,14584394
2025-06-18,20.399999618530273,20.610000610351562,20.1299991607666,20.209999084472656,13029800
2025-06-19,20.09000015258789,20.760000228881836,20.030000686645508,20.399999618530273,13390481
2025-06-20,19.950000762939453,20.25,19.829999923706055,20.040000915527344,9140602
2025-06-23,20.25,20.3700008392334,19.799999237060547,19.829999923706055,9709719
2025-06-24,21.3799991607666,21.489999771118164,20.34000015258789,20.3700008392334,29241226
2025-06-25,22.559999465942383,23.100000381469727,21.889999389648438,21.889999389648438,45936887
2025-06-26,22.709999084472656,23.06999969482422,22.260000228881836,22.40999984741211,26132676
2025-06-27,22.540000915527344,22.84000015258789,22.350000381469727,22.65999984741211,17062442
2025-06-30,22.450000762939453,22.84000015258789,22.360000610351562,22.549999237060547,19505396
2025-07-01,22.479999542236328,22.56999969482422,21.860000610351562,22.5,20529804
2025-07-02,21.59000015258789,22.3700008392334,21.520000457763672,22.3700008392334,13475400
2025-07-03,22.15999984741211,22.190000534057617,21.5,21.600000381469727,15484000
2025-07-04,22.100000381469727,22.43000030517578,21.989999771118164,22.09000015258789,9378200
2025-07-07,22.020000457763672,22.399999618530273,21.889999389648438,22.110000610351562,8413700
2025-07-08,23.0,23.280000686645508,22.010000228881836,22.020000457763672,21176085
2025-07-09,22.639999389648438,23.040000915527344,22.56999969482422,22.899999618530273,10774200
2025-07-10,22.780000686645508,22.84000015258789,22.440000534057617,22.59000015258789,9127585
2025-07-11,24.059999465942383,24.559999465942383,22.65999984741211,22.65999984741211,38422805
2025-07-14,24.520000457763672,25.280000686645508,24.329999923706055,24.809999465942383,40223526
2025-07-15,25.25,25.799999237060547,24.6200008392334,24.6200008392334,31419563
2025-07-16,25.059999465942383,25.6299991607666,24.93000030517578,25.200000762939453,20282840
2025-07-17,25.700000762939453,25.799999237060547,24.899999618530273,24.920000076293945,21148300
2025-07-18,25.700000762939453,26.65999984741211,25.459999084472656,25.469999313354492,23540385
2025-07-21,25.850000381469727,26.149999618530273,25.399999618530273,25.709999084472656,17409222
2025-07-22,25.360000610351562,26.360000610351562,25.209999084472656,26.010000228881836,18256794
2025-07-23,25.850000381469727,26.100000381469727,25.020000457763672,25.1299991607666,18076310
2025-07-24,25.8700008392334,26.459999084472656,25.610000610351562,25.979999542236328,17499298
2025-07-25,25.860000610351562,26.040000915527344,25.600000381469727,25.8700008392334,9424001
2025-07-28,26.389999389648438,26.799999237060547,25.799999237060547,25.950000762939453,17147617
2025-07-29,26.780000686645508,26.790000915527344,26.219999313354492,26.329999923706055,11521877
2025-07-30,26.31999969482422,26.719999313354492,26.010000228881836,26.549999237060547,11676450
2025-07-31,26.579999923706055,26.84000015258789,26.200000762939453,26.399999618530273,16791211
2025-08-01,26.8799991607666,27.06999969482422,26.190000534057617,26.520000457763672,17332838
2025-08-04,27.520000457763672,27.65999984741211,26.5,26.690000534057617,14995633
2025-08-05,27.290000915527344,27.639999389648438,26.940000534057617,27.399999618530273,11961703
2025-08-06,27.959999084472656,28.8700008392334,27.110000610351562,27.1299991607666,15995177
2025-08-07,28.15999984741211,28.600000381469727,27.670000076293945,28.100000381469727,14793593
2025-08-08,28.5,28.899999618530273,27.799999237060547,28.049999237060547,12921233
2025-08-11,28.489999771118164,29.0,28.219999313354492,28.3799991607666,15331790
2025-08-12,30.40999984741211,30.59000015258789,28.18000030517578,28.479999542236328,32500556
2025-08-13,30.299999237060547,30.59000015258789,29.549999237060547,30.239999771118164,23684183
2025-08-14,29.1200008392334,30.239999771118164,29.049999237060547,30.149999618530273,20164713
2025-08-15,28.979999542236328,29.350000381469727,28.799999237060547,28.93000030517578,17770038
2025-08-18,31.200000762939453,31.8799991607666,29.059999465942383,29.149999618530273,42522467
2025-08-19,31.0,31.760000228881836,30.780000686645508,31.31999969482422,26392254
2025-08-20,31.889999389648438,31.889999389648438,30.100000381469727,30.75,19205717
2025-08-21,31.5,32.060001373291016,31.149999618530273,31.709999084472656,18524063
2025-08-22,34.040000915527344,34.349998474121094,31.309999465942383,31.329999923706055,36685688
2025-08-25,33.93000030517578,34.9900016784668,33.2400016784668,34.68000030517578,29663220
2025-08-26,33.15999984741211,33.70000076293945,32.90999984741211,33.70000076293945,22411952
2025-08-27,32.40999984741211,33.95000076293945,32.36000061035156,33.369998931884766,25910262
2025-08-28,33.90999984741211,33.939998626708984,32.25,32.310001373291016,28371058
2025-08-29,33.06999969482422,33.900001525878906,32.5,33.849998474121094,25929122
2025-09-01,35.7400016784668,35.939998626708984,33.290000915527344,33.5,41106983
2025-09-02,32.16999816894531,35.45000076293945,32.16999816894531,35.20000076293945,34357798
2025-09-03,30.969999313354492,32.06999969482422,30.690000534057617,32.0,33325457
2025-09-04,29.469999313354492,31.469999313354492,28.90999984741211,31.110000610351562,29889835
2025-09-05,30.420000076293945,30.610000610351562,29.09000015258789,29.670000076293945,25187248
2025-09-08,29.649999618530273,30.559999465942383,29.209999084472656,30.299999237060547,26476078
2025-09-09,28.93000030517578,29.649999618530273,28.559999465942383,29.549999237060547,12965139
2025-09-10,29.010000228881836,29.549999237060547,28.809999465942383,29.170000076293945,12619641
2025-09-11,30.989999771118164,31.450000762939453,29.010000228881836,29.1299991607666,25363225
2025-09-12,31.5,32.279998779296875,30.6200008392334,30.860000610351562,20643417
2025-09-15,31.459999084472656,31.770000457763672,30.8799991607666,31.5,15096084
2025-09-16,31.399999618530273,31.68000030517578,30.899999618530273,31.459999084472656,11857615
2025-09-17,31.65999984741211,31.93000030517578,30.8799991607666,31.309999465942383,15302076
2025-09-18,31.360000610351562,32.400001525878906,30.81999969482422,31.43000030517578,20582404
2025-09-19,31.239999771118164,31.93000030517578,30.899999618530273,31.520000457763672,12995284
2025-09-22,31.989999771118164,32.04999923706055,31.020000457763672,31.280000686645508,15272201
2025-09-23,30.3700008392334,32.63999938964844,29.5,32.150001525878906,28653203
2025-09-24,31.010000228881836,31.110000610351562,29.81999969482422,30.010000228881836,17515615
2025-09-25,32.20000076293945,32.779998779296875,30.8799991607666,31.079999923706055,23669100
2025-09-26,30.68000030517578,32.02000045776367,30.579999923706055,31.899999618530273,19188700
2025-09-29,30.549999237060547,31.1299991607666,30.139999389648438,30.600000381469727,15850174
2025-09-30,30.350000381469727,31.329999923706055,30.139999389648438,30.649999618530273,13370400
2025-10-09,30.549999237060547,31.3799991607666,30.329999923706055,30.389999389648438,16056630
2025-10-10,29.18000030517578,30.540000915527344,29.0,30.489999771118164,21743893
2025-10-13,29.489999771118164,29.780000686645508,27.899999618530273,27.920000076293945,18626708
2025-10-14,28.0,29.8799991607666,27.93000030517578,29.6299991607666,17007441
2025-10-15,28.780000686645508,28.850000381469727,27.979999542236328,28.200000762939453,11264116
2025-10-16,28.790000915527344,29.299999237060547,28.510000228881836,28.690000534057617,8852900
2025-10-17,26.920000076293945,29.18000030517578,26.670000076293945,29.15999984741211,41230331
2025-10-20,26.940000534057617,27.610000610351562,26.700000762939453,27.18000030517578,29146977
2025-10-21,27.489999771118164,27.649999618530273,26.940000534057617,27.010000228881836,24486478
2025-10-22,26.190000534057617,26.729999542236328,25.5,26.489999771118164,28461277
2025-10-23,25.979999542236328,26.5,25.43000030517578,26.399999618530273,16701815
2025-10-24,26.860000610351562,26.8799991607666,26.1299991607666,26.209999084472656,20384500
2025-10-27,27.290000915527344,27.700000762939453,26.90999984741211,27.399999618530273,22193068
2025-10-28,27.530000686645508,28.079999923706055,27.18000030517578,27.209999084472656,20126644
2025-10-29,27.65999984741211,28.030000686645508,27.43000030517578,27.649999618530273,14825236
2025-10-30,27.040000915527344,27.68000030517578,27.010000228881836,27.65999984741211,14902283
2025-10-31,26.790000915527344,27.25,26.649999618530273,27.229999542236328,13516030
2025-11-03,26.81999969482422,26.8799991607666,26.1200008392334,26.65999984741211,15343672
2025-11-04,26.079999923706055,26.780000686645508,25.829999923706055,26.770000457763672,13922949
2025-11-05,25.850000381469727,25.989999771118164,25.559999465942383,25.600000381469727,10827557
2025-11-06,26.299999237060547,26.469999313354492,25.889999389648438,26.010000228881836,11973242
2025-11-07,25.93000030517578,26.190000534057617,25.700000762939453,26.1200008392334,9903100
2025-11-10,25.780000686645508,26.190000534057617,25.5,25.989999771118164,11175409
2025-11-11,25.469999313354492,26.100000381469727,25.440000534057617,25.950000762939453,11597955
2025-11-12,25.280000686645508,25.6299991607666,25.059999465942383,25.360000610351562,9123624
2025-11-13,25.75,25.8700008392334,25.1299991607666,25.389999389648438,13188780
2025-11-14,25.170000076293945,25.68000030517578,25.170000076293945,25.5,8625732
2025-11-17,25.1200008392334,25.31999969482422,24.899999618530273,25.200000762939453,9907752
2025-11-18,25.200000762939453,25.559999465942383,24.760000228881836,24.959999084472656,12706703
2025-11-19,25.25,25.84000015258789,25.1299991607666,25.190000534057617,13310873
2025-11-20,25.219999313354492,25.760000228881836,24.950000762939453,25.5,12535100
2025-11-21,24.31999969482422,25.100000381469727,24.280000686645508,24.899999618530273,14268967
2025-11-24,25.0,25.329999923706055,24.260000228881836,24.530000686645508,15399114
2025-11-25,26.5,26.850000381469727,25.09000015258789,25.200000762939453,35557332
2025-11-26,26.469999313354492,26.760000228881836,26.0,26.280000686645508,23867229
2025-11-27,26.510000228881836,27.270000457763672,26.459999084472656,26.530000686645508,21610882
2025-11-28,27.0,27.049999237060547,26.329999923706055,26.510000228881836,15564995
2025-12-01,27.18000030517578,27.31999969482422,26.760000228881836,27.270000457763672,18207448
2025-12-02,27.110000610351562,27.239999771118164,26.8700008392334,27.079999923706055,11713465
2025-12-03,26.850000381469727,27.450000762939453,26.690000534057617,27.020000457763672,13810918
2025-12-04,27.0,27.110000610351562,26.389999389648438,26.68000030517578,11455296
2025-12-05,27.489999771118164,27.6200008392334,26.709999084472656,27.06999969482422,19292160
2025-12-08,29.059999465942383,29.3799991607666,27.3799991607666,27.600000381469727,38005053
2025-12-09,30.3700008392334,31.1299991607666,29.799999237060547,30.0,50894147
2025-12-10,30.280000686645508,30.59000015258789,29.780000686645508,30.3700008392334,26238678
2025-12-11,29.09000015258789,30.489999771118164,29.09000015258789,30.25,20226367
2025-12-12,29.479999542236328,29.809999465942383,28.579999923706055,29.059999465942383,22631416
2025-12-15,28.290000915527344,29.360000610351562,28.049999237060547,29.020000457763672,19243616
2025-12-16,28.329999923706055,28.540000915527344,27.299999237060547,28.229999542236328,20070681
2025-12-17,29.030000686645508,29.200000762939453,27.959999084472656,28.280000686645508,19565957
2025-12-18,28.309999465942383,28.850000381469727,28.309999465942383,28.649999618530273,12221300
2025-12-19,28.1299991607666,28.639999389648438,28.040000915527344,28.549999237060547,12084000
2025-12-22,29.229999542236328,29.43000030517578,28.25,28.40999984741211,19821182
2025-12-23,29.270000457763672,29.579999923706055,28.81999969482422,29.110000610351562,16822124
2025-12-24,29.360000610351562,29.829999923706055,28.93000030517578,29.270000457763672,17386793
2025-12-25,29.139999389648438,29.549999237060547,28.75,29.360000610351562,11862687
2025-12-26,29.729999542236328,30.040000915527344,28.739999771118164,29.0,16938695
2025-12-29,30.690000534057617,31.440000534057617,29.59000015258789,29.729999542236328,30879220
2025-12-30,30.6299991607666,31.489999771118164,30.31999969482422,30.459999084472656,17897598
2025-12-31,30.299999237060547,31.040000915527344,30.149999618530273,30.6299991607666,11804695
2026-01-05,31.510000228881836,31.540000915527344,30.110000610351562,30.399999618530273,31151792
2026-01-06,29.889999389648438,31.780000686645508,29.700000762939453,31.600000381469727,53340158
2026-01-07,29.770000457763672,30.290000915527344,29.399999618530273,29.770000457763672,30461767
2026-01-08,30.489999771118164,31.1200008392334,29.5,29.68000030517578,32083103
2026-01-09,31.329999923706055,31.40999984741211,29.68000030517578,30.260000228881836,30342042
2026-01-12,31.700000762939453,31.969999313354492,30.93000030517578,31.329999923706055,30651005
2026-01-13,30.43000030517578,31.799999237060547,30.299999237060547,31.799999237060547,24654211
2026-01-14,31.719999313354492,32.33000183105469,30.530000686645508,30.540000915527344,33273148
2026-01-15,30.68000030517578,31.610000610351562,30.3700008392334,31.610000610351562,20783435
2026-01-16,30.59000015258789,31.149999618530273,30.06999969482422,30.920000076293945,18528324
2026-01-19,29.06999969482422,31.049999237060547,28.81999969482422,30.75,46525259
2026-01-20,27.969999313354492,29.209999084472656,27.719999313354492,28.979999542236328,26963763
2026-01-21,28.309999465942383,28.59000015258789,27.690000534057617,27.770000457763672,20126323
2026-01-22,28.200000762939453,28.790000915527344,28.030000686645508,28.399999618530273,17952505
2026-01-23,28.979999542236328,29.030000686645508,28.049999237060547,28.219999313354492,31680028
2026-01-26,30.0,30.299999237060547,28.790000915527344,28.889999389648438,40254021
2026-01-27,30.010000228881836,30.280000686645508,28.600000381469727,29.65999984741211,26433385
2026-01-28,29.520000457763672,30.229999542236328,29.399999618530273,30.040000915527344,17215958
2026-01-29,28.8799991607666,29.65999984741211,28.469999313354492,29.450000762939453,24192642
2026-01-30,28.700000762939453,29.3700008392334,28.15999984741211,28.6200008392334,16868295
2026-02-02,28.06999969482422,29.170000076293945,28.020000457763672,28.549999237060547,16822235
2026-02-03,28.719999313354492,29.049999237060547,27.950000762939453,28.31999969482422,16810023
2026-02-04,28.31999969482422,28.6299991607666,27.8700008392334,28.5,15687973
2026-02-05,27.219999313354492,28.1299991607666,27.059999465942383,28.040000915527344,16177230
2026-02-06,27.229999542236328,27.770000457763672,26.850000381469727,27.020000457763672,10424302
2026-02-09,28.450000762939453,28.729999542236328,27.649999618530273,27.65999984741211,18813673
2026-02-10,28.959999084472656,29.5,28.530000686645508,28.530000686645508,14096499
2026-02-11,28.84000015258789,29.34000015258789,28.770000457763672,28.860000610351562,7611321
2026-02-12,29.899999618530273,30.100000381469727,28.719999313354492,28.8799991607666,18579097
2026-02-13,29.579999923706055,30.6200008392334,29.579999923706055,29.75,16280368
2026-02-24,29.6200008392334,30.15999984741211,29.229999542236328,29.899999618530273,13779866
2026-02-25,29.25,29.850000381469727,29.110000610351562,29.6200008392334,15735036
2026-02-26,30.860000610351562,31.149999618530273,29.329999923706055,29.440000534057617,28591936
2026-02-27,31.100000381469727,31.34000015258789,29.760000228881836,30.350000381469727,22758909
2026-03-02,30.399999618530273,31.43000030517578,30.299999237060547,30.6200008392334,20303794
2026-03-03,28.549999237060547,30.530000686645508,28.450000762939453,30.469999313354492,18084817
2026-03-04,28.670000076293945,29.260000228881836,28.100000381469727,28.100000381469727,13037465
2026-03-05,29.75,30.459999084472656,28.850000381469727,29.260000228881836,17402470
2026-03-06,29.770000457763672,30.049999237060547,29.209999084472656,29.5,11853795
2026-03-09,29.170000076293945,29.440000534057617,27.15999984741211,29.239999771118164,26065142
2026-03-10,30.719999313354492,30.850000381469727,29.479999542236328,29.479999542236328,24539243
2026-03-11,32.06999969482422,32.900001525878906,30.709999084472656,30.920000076293945,41686233
2026-03-12,32.220001220703125,33.099998474121094,31.75,32.040000915527344,30662043
2026-03-13,30.540000915527344,31.459999084472656,30.489999771118164,31.049999237060547,22213300
2026-03-16,29.920000076293945,30.540000915527344,29.15999984741211,30.479999542236328,20810448
2026-03-17,27.8700008392334,30.200000762939453,27.799999237060547,30.139999389648438,28002018
2026-03-18,29.34000015258789,29.459999084472656,27.530000686645508,28.020000457763672,27088297
2026-03-19,28.530000686645508,29.299999237060547,28.329999923706055,28.799999237060547,18632793
2026-03-20,27.850000381469727,29.459999084472656,27.850000381469727,29.0,22371181
2026-03-23,25.829999923706055,27.030000686645508,25.600000381469727,26.850000381469727,24402196
2026-03-24,26.479999542236328,26.549999237060547,25.399999618530273,26.31999969482422,19739771
2026-03-25,27.610000610351562,27.959999084472656,26.809999465942383,26.809999465942383,18294244
2026-03-26,26.860000610351562,27.670000076293945,26.670000076293945,27.469999313354492,10943827
2026-03-27,27.010000228881836,27.530000686645508,26.1299991607666,26.309999465942383,13310965
2026-03-30,26.059999465942383,26.280000686645508,24.739999771118164,26.010000228881836,31515227
2026-03-31,25.479999542236328,26.25,25.299999237060547,25.959999084472656,17202091
2026-04-01,25.989999771118164,26.350000381469727,25.829999923706055,26.010000228881836,18014069
2026-04-02,25.670000076293945,26.43000030517578,25.43000030517578,25.93000030517578,14972702
2026-04-03,25.90999984741211,26.260000228881836,25.639999389648438,25.8799991607666,12456894
2026-04-07,26.260000228881836,26.56999969482422,25.729999542236328,26.0,15589645
2026-04-08,27.600000381469727,27.65999984741211,26.719999313354492,26.90999984741211,18333605
2026-04-09,27.940000534057617,28.079999923706055,27.09000015258789,27.18000030517578,16878775
2026-04-10,27.850000381469727,28.530000686645508,27.829999923706055,28.209999084472656,17603940
2026-04-13,28.440000534057617,28.799999237060547,27.510000228881836,27.600000381469727,15341116
2026-04-14,28.389999389648438,28.670000076293945,28.049999237060547,28.540000915527344,16083630
2026-04-15,28.1299991607666,28.780000686645508,28.049999237060547,28.479999542236328,13571000
2026-04-16,29.09000015258789,29.200000762939453,28.010000228881836,28.139999389648438,17260289
2026-04-17,29.399999618530273,29.950000762939453,28.950000762939453,29.020000457763672,14999171
2026-04-20,29.1200008392334,29.68000030517578,28.950000762939453,29.399999618530273,22792576
2026-04-21,26.90999984741211,27.700000762939453,26.40999984741211,27.5,37895953
2026-04-22,28.110000610351562,28.65999984741211,26.700000762939453,26.90999984741211,28126278
2026-04-23,27.020000457763672,28.469999313354492,26.920000076293945,28.010000228881836,20363149
2026-04-24,27.40999984741211,27.959999084472656,25.709999084472656,27.0,35860025
2026-04-27,27.280000686645508,28.399999618530273,26.610000610351562,27.399999618530273,26209108
2026-04-28,26.25,27.290000915527344,26.09000015258789,27.06999969482422,18947599
2026-04-29,26.56999969482422,26.90999984741211,26.020000457763672,26.020000457763672,13961442
2026-04-30,26.5,26.829999923706055,25.809999465942383,26.610000610351562,17436210
2026-05-06,26.90999984741211,27.719999313354492,26.799999237060547,26.860000610351562,27285695
2026-05-07,27.31999969482422,27.540000915527344,26.510000228881836,27.049999237060547,17839277
