{
  "tailwind.config.js": 1774263658.9252946,
  "vite.config.ts": 1774530676.004207,
  "postcss.config.js": 1774263658.9216,
  "src/App.tsx": 1774263658.9219604,
  "src/main.tsx": 1774263658.9243984,
  "src/Dashboard.tsx": 1775974589.3578908,
  "src/vite-env.d.ts": 1774936884.6182508,
  "src/theme.ts": 1774263658.9246967,
  "src/config/api.ts": 1774936884.6178007,
  "src/components/MetricHeader.tsx": 1774936884.6171768,
  "src/components/PortfolioViewer.tsx": 1774936884.61757,
  "src/components/AgentGraph.tsx": 1775898703.5061395,
  "src/hooks/useAgentStream.ts": 1775160524.978462,
  "README.md": 1774263658.9196746
}